date,open,high,low,close,volume
2024-05-02 09:15:00,49262.0,49521.3,49221.45,49465.0,0
2024-05-02 09:20:00,49468.65,49468.65,49370.6,49437.95,0
2024-05-02 09:25:00,49439.1,49452.1,49377.15,49411.45,0
2024-05-02 09:30:00,49410.2,49477.7,49382.5,49413.2,0
2024-05-02 09:35:00,49414.0,49461.8,49379.65,49391.6,0
2024-05-02 09:40:00,49390.25,49430.4,49366.4,49429.35,0
2024-05-02 09:45:00,49424.6,49465.25,49379.65,49389.6,0
2024-05-02 09:50:00,49390.6,49394.2,49292.4,49384.75,0
2024-05-02 09:55:00,49376.75,49452.7,49351.9,49426.2,0
2024-05-02 10:00:00,49421.65,49451.4,49412.9,49446.3,0
2024-05-02 10:05:00,49442.75,49522.6,49419.05,49517.8,0
2024-05-02 10:10:00,49515.85,49529.35,49457.2,49476.05,0
2024-05-02 10:15:00,49465.1,49475.65,49430.3,49440.85,0
2024-05-02 10:20:00,49439.75,49444.45,49379.65,49395.2,0
2024-05-02 10:25:00,49387.55,49416.35,49369.35,49407.2,0
2024-05-02 10:30:00,49405.9,49440.25,49381.25,49407.6,0
2024-05-02 10:35:00,49404.05,49416.85,49370.5,49385.3,0
2024-05-02 10:40:00,49383.3,49397.6,49344.45,49390.2,0
2024-05-02 10:45:00,49385.05,49392.05,49347.25,49380.25,0
2024-05-02 10:50:00,49377.6,49420.1,49355.0,49400.3,0
2024-05-02 10:55:00,49388.6,49414.05,49370.0,49390.2,0
2024-05-02 11:00:00,49383.1,49406.35,49352.35,49376.8,0
2024-05-02 11:05:00,49369.5,49382.65,49232.0,49263.75,0
2024-05-02 11:10:00,49260.25,49281.25,49239.3,49249.25,0
2024-05-02 11:15:00,49251.9,49275.95,49151.1,49187.6,0
2024-05-02 11:20:00,49188.7,49210.25,49123.6,49147.25,0
2024-05-02 11:25:00,49137.6,49292.8,49136.25,49292.8,0
2024-05-02 11:30:00,49287.85,49350.45,49244.05,49310.85,0
2024-05-02 11:35:00,49305.8,49330.1,49288.25,49310.3,0
2024-05-02 11:40:00,49306.95,49323.55,49247.9,49256.95,0
2024-05-02 11:45:00,49252.05,49270.8,49226.3,49264.6,0
2024-05-02 11:50:00,49259.35,49274.6,49231.45,49250.1,0
2024-05-02 11:55:00,49243.95,49248.0,49208.15,49227.95,0
2024-05-02 12:00:00,49226.8,49253.55,49224.2,49237.15,0
2024-05-02 12:05:00,49240.85,49263.1,49204.4,49214.45,0
2024-05-02 12:10:00,49208.05,49257.75,49197.35,49254.35,0
2024-05-02 12:15:00,49251.15,49257.55,49225.4,49233.45,0
2024-05-02 12:20:00,49229.7,49245.1,49212.6,49223.15,0
2024-05-02 12:25:00,49221.5,49292.2,49209.5,49280.8,0
2024-05-02 12:30:00,49275.75,49314.35,49270.9,49288.25,0
2024-05-02 12:35:00,49283.05,49298.5,49237.95,49248.4,0
2024-05-02 12:40:00,49244.5,49263.45,49221.5,49237.5,0
2024-05-02 12:45:00,49237.65,49261.3,49178.15,49234.6,0
2024-05-02 12:50:00,49231.1,49242.4,49193.3,49223.25,0
2024-05-02 12:55:00,49218.2,49262.5,49218.2,49237.7,0
2024-05-02 13:00:00,49239.95,49255.2,49234.1,49250.0,0
2024-05-02 13:05:00,49248.45,49280.9,49229.95,49276.85,0
2024-05-02 13:10:00,49276.85,49279.5,49244.6,49259.0,0
2024-05-02 13:15:00,49258.5,49259.75,49226.25,49247.75,0
2024-05-02 13:20:00,49252.1,49269.2,49236.95,49256.4,0
2024-05-02 13:25:00,49251.8,49313.1,49247.95,49294.85,0
2024-05-02 13:30:00,49292.55,49308.95,49275.8,49292.2,0
2024-05-02 13:35:00,49285.3,49295.75,49245.75,49283.4,0
2024-05-02 13:40:00,49282.0,49296.15,49265.6,49280.15,0
2024-05-02 13:45:00,49275.9,49313.55,49256.0,49309.7,0
2024-05-02 13:50:00,49311.05,49344.9,49300.55,49313.55,0
2024-05-02 13:55:00,49308.9,49317.55,49253.25,49273.6,0
2024-05-02 14:00:00,49265.95,49285.6,49214.6,49257.5,0
2024-05-02 14:05:00,49255.05,49303.55,49236.0,49288.1,0
2024-05-02 14:10:00,49286.9,49299.15,49249.35,49254.1,0
2024-05-02 14:15:00,49251.6,49275.55,49193.45,49209.1,0
2024-05-02 14:20:00,49205.95,49230.25,49182.2,49211.65,0
2024-05-02 14:25:00,49214.85,49228.35,49184.6,49205.45,0
2024-05-02 14:30:00,49205.4,49258.35,49185.3,49228.1,0
2024-05-02 14:35:00,49231.3,49234.5,49180.5,49186.1,0
2024-05-02 14:40:00,49189.7,49216.5,49174.3,49199.85,0
2024-05-02 14:45:00,49199.55,49231.85,49179.4,49187.9,0
2024-05-02 14:50:00,49191.3,49243.05,49186.15,49224.3,0
2024-05-02 14:55:00,49223.0,49255.4,49202.15,49202.65,0
2024-05-02 15:00:00,49202.2,49258.85,49176.75,49215.35,0
2024-05-02 15:05:00,49202.8,49261.45,49180.7,49252.6,0
2024-05-02 15:10:00,49248.85,49253.55,49216.75,49242.65,0
2024-05-02 15:15:00,49237.65,49265.6,49222.6,49255.6,0
2024-05-02 15:20:00,49251.8,49263.05,49217.85,49244.4,0
2024-05-02 15:25:00,49236.65,49261.65,49220.45,49243.55,0
2024-05-03 09:15:00,49375.05,49580.65,49373.2,49542.9,0
2024-05-03 09:20:00,49539.35,49607.75,49526.25,49582.55,0
2024-05-03 09:25:00,49579.75,49596.75,49540.6,49579.7,0
2024-05-03 09:30:00,49583.6,49588.65,49496.9,49509.45,0
2024-05-03 09:35:00,49507.45,49520.9,49440.8,49448.25,0
2024-05-03 09:40:00,49451.5,49477.95,49426.85,49469.75,0
2024-05-03 09:45:00,49469.55,49470.0,49422.55,49431.8,0
2024-05-03 09:50:00,49431.85,49447.75,49397.05,49425.5,0
2024-05-03 09:55:00,49426.65,49451.4,49381.9,49418.15,0
2024-05-03 10:00:00,49417.15,49438.25,49391.9,49398.85,0
2024-05-03 10:05:00,49396.25,49415.0,49289.0,49325.35,0
2024-05-03 10:10:00,49321.65,49326.9,49246.05,49253.7,0
2024-05-03 10:15:00,49253.3,49299.45,49224.25,49260.85,0
2024-05-03 10:20:00,49258.75,49279.3,49130.8,49176.75,0
2024-05-03 10:25:00,49177.35,49201.4,49149.1,49177.8,0
2024-05-03 10:30:00,49177.9,49239.0,49143.8,49208.65,0
2024-05-03 10:35:00,49211.45,49233.6,49112.1,49116.9,0
2024-05-03 10:40:00,49129.7,49129.9,49048.35,49109.3,0
2024-05-03 10:45:00,49113.15,49131.3,49053.7,49103.55,0
2024-05-03 10:50:00,49103.3,49152.35,49085.2,49111.05,0
2024-05-03 10:55:00,49107.55,49128.8,49022.95,49032.75,0
2024-05-03 11:00:00,49031.85,49065.7,49005.3,49042.75,0
2024-05-03 11:05:00,49040.6,49092.35,49040.0,49087.35,0
2024-05-03 11:10:00,49086.3,49117.25,49061.35,49096.6,0
2024-05-03 11:15:00,49093.2,49099.35,49016.35,49023.1,0
2024-05-03 11:20:00,49020.05,49047.1,48917.95,48968.95,0
2024-05-03 11:25:00,48967.95,48990.85,48937.65,48952.8,0
2024-05-03 11:30:00,48948.7,48956.65,48864.65,48879.0,0
2024-05-03 11:35:00,48880.45,48889.85,48816.8,48871.7,0
2024-05-03 11:40:00,48870.25,48945.0,48858.8,48899.85,0
2024-05-03 11:45:00,48898.85,48902.9,48845.85,48852.2,0
2024-05-03 11:50:00,48851.4,48896.05,48830.9,48892.95,0
2024-05-03 11:55:00,48888.45,48930.65,48872.8,48924.75,0
2024-05-03 12:00:00,48921.7,48974.05,48890.45,48946.65,0
2024-05-03 12:05:00,48947.45,48962.1,48903.3,48907.2,0
2024-05-03 12:10:00,48907.2,48931.7,48877.0,48914.45,0
2024-05-03 12:15:00,48913.3,48958.8,48899.3,48939.35,0
2024-05-03 12:20:00,48938.3,48962.95,48924.1,48945.65,0
2024-05-03 12:25:00,48947.15,48968.05,48913.7,48919.35,0
2024-05-03 12:30:00,48920.6,48947.2,48903.15,48942.15,0
2024-05-03 12:35:00,48943.4,48996.1,48933.75,48981.45,0
2024-05-03 12:40:00,48982.55,49130.75,48977.8,49119.9,0
2024-05-03 12:45:00,49118.15,49120.25,49008.2,49032.35,0
2024-05-03 12:50:00,49030.9,49030.9,48828.4,48831.85,0
2024-05-03 12:55:00,48830.4,48840.25,48757.3,48792.15,0
2024-05-03 13:00:00,48787.25,48787.25,48715.95,48736.85,0
2024-05-03 13:05:00,48727.15,48782.45,48727.15,48768.7,0
2024-05-03 13:10:00,48767.1,48783.45,48735.8,48747.95,0
2024-05-03 13:15:00,48740.3,48780.15,48723.2,48772.8,0
2024-05-03 13:20:00,48764.1,48782.7,48748.95,48762.6,0
2024-05-03 13:25:00,48762.6,48874.55,48747.85,48825.75,0
2024-05-03 13:30:00,48833.7,48858.85,48783.4,48788.8,0
2024-05-03 13:35:00,48790.65,48814.4,48659.7,48690.3,0
2024-05-03 13:40:00,48680.7,48748.0,48680.7,48732.0,0
2024-05-03 13:45:00,48734.5,48775.55,48721.55,48752.2,0
2024-05-03 13:50:00,48750.95,48785.3,48710.8,48785.3,0
2024-05-03 13:55:00,48784.2,48817.2,48750.9,48759.75,0
2024-05-03 14:00:00,48760.35,48787.15,48742.75,48771.55,0
2024-05-03 14:05:00,48768.05,48831.8,48768.05,48793.25,0
2024-05-03 14:10:00,48791.8,48842.1,48770.65,48821.6,0
2024-05-03 14:15:00,48817.05,48869.5,48787.35,48787.5,0
2024-05-03 14:20:00,48790.25,48796.35,48740.65,48759.8,0
2024-05-03 14:25:00,48758.6,48808.45,48731.0,48794.0,0
2024-05-03 14:30:00,48794.4,48827.95,48765.0,48818.05,0
2024-05-03 14:35:00,48822.85,48863.7,48799.7,48838.05,0
2024-05-03 14:40:00,48841.65,48871.5,48785.05,48857.2,0
2024-05-03 14:45:00,48852.65,48861.95,48785.1,48813.1,0
2024-05-03 14:50:00,48819.65,48846.45,48797.65,48830.65,0
2024-05-03 14:55:00,48827.05,48949.55,48827.05,48925.0,0
2024-05-03 15:00:00,48925.05,48941.15,48854.35,48912.5,0
2024-05-03 15:05:00,48912.6,48920.8,48867.55,48885.1,0
2024-05-03 15:10:00,48890.1,48948.05,48887.2,48940.9,0
2024-05-03 15:15:00,48939.2,48997.25,48928.45,48944.6,0
2024-05-03 15:20:00,48945.15,48963.1,48906.25,48921.6,0
2024-05-03 15:25:00,48923.35,48938.2,48853.9,48877.85,0
2024-05-06 09:15:00,49174.55,49181.45,48943.5,48955.3,0
2024-05-06 09:20:00,48948.1,49061.65,48909.9,49057.35,0
2024-05-06 09:25:00,49053.3,49192.1,49052.95,49185.95,0
2024-05-06 09:30:00,49192.9,49252.65,49148.75,49173.3,0
2024-05-06 09:35:00,49174.95,49177.6,48984.35,48993.95,0
2024-05-06 09:40:00,48998.7,49105.65,48874.65,49098.55,0
2024-05-06 09:45:00,49090.7,49097.5,48976.25,49017.05,0
2024-05-06 09:50:00,49016.8,49118.7,49007.7,49101.3,0
2024-05-06 09:55:00,49099.45,49131.7,49045.85,49056.2,0
2024-05-06 10:00:00,49054.25,49116.9,49028.9,49102.5,0
2024-05-06 10:05:00,49104.9,49120.15,49060.45,49092.35,0
2024-05-06 10:10:00,49081.5,49121.55,49061.0,49103.8,0
2024-05-06 10:15:00,49107.5,49107.7,49026.05,49075.5,0
2024-05-06 10:20:00,49074.45,49131.2,49044.85,49117.35,0
2024-05-06 10:25:00,49114.5,49199.5,49097.35,49183.7,0
2024-05-06 10:30:00,49182.0,49193.8,49133.15,49174.45,0
2024-05-06 10:35:00,49177.5,49184.4,49120.9,49161.9,0
2024-05-06 10:40:00,49158.15,49188.35,49147.4,49164.0,0
2024-05-06 10:45:00,49161.75,49170.55,49129.1,49156.3,0
2024-05-06 10:50:00,49150.9,49165.85,49133.0,49156.65,0
2024-05-06 10:55:00,49157.1,49231.6,49148.8,49196.15,0
2024-05-06 11:00:00,49196.05,49210.0,49161.2,49179.6,0
2024-05-06 11:05:00,49177.85,49212.25,49148.65,49158.1,0
2024-05-06 11:10:00,49162.7,49164.1,49090.75,49094.8,0
2024-05-06 11:15:00,49094.45,49137.85,49090.35,49128.35,0
2024-05-06 11:20:00,49123.9,49140.95,49032.95,49050.1,0
2024-05-06 11:25:00,49046.95,49071.35,49018.2,49069.1,0
2024-05-06 11:30:00,49068.5,49069.75,49014.85,49036.85,0
2024-05-06 11:35:00,49031.9,49062.8,49022.15,49029.35,0
2024-05-06 11:40:00,49026.0,49058.15,49018.4,49042.3,0
2024-05-06 11:45:00,49041.1,49053.25,49015.4,49051.4,0
2024-05-06 11:50:00,49051.9,49076.0,49042.65,49062.3,0
2024-05-06 11:55:00,49060.65,49110.75,49042.25,49105.8,0
2024-05-06 12:00:00,49105.0,49107.25,49066.9,49095.15,0
2024-05-06 12:05:00,49096.75,49101.7,49061.5,49090.6,0
2024-05-06 12:10:00,49087.3,49102.1,49062.35,49080.8,0
2024-05-06 12:15:00,49079.5,49091.15,49045.65,49060.5,0
2024-05-06 12:20:00,49055.7,49062.55,49030.8,49044.4,0
2024-05-06 12:25:00,49045.65,49047.45,48945.0,48970.2,0
2024-05-06 12:30:00,48969.8,48993.0,48928.0,48967.7,0
2024-05-06 12:35:00,48966.8,48997.2,48944.7,48991.7,0
2024-05-06 12:40:00,48991.3,48996.75,48940.55,48967.8,0
2024-05-06 12:45:00,48966.1,48976.2,48891.45,48926.25,0
2024-05-06 12:50:00,48928.1,48929.8,48863.8,48916.3,0
2024-05-06 12:55:00,48916.2,48972.7,48903.6,48928.15,0
2024-05-06 13:00:00,48926.1,48951.45,48906.85,48948.35,0
2024-05-06 13:05:00,48948.95,48981.25,48919.25,48921.8,0
2024-05-06 13:10:00,48922.1,48942.45,48897.9,48900.3,0
2024-05-06 13:15:00,48900.55,48937.6,48891.7,48933.7,0
2024-05-06 13:20:00,48932.35,48934.75,48888.75,48906.45,0
2024-05-06 13:25:00,48905.3,48919.7,48840.9,48848.7,0
2024-05-06 13:30:00,48850.7,48882.15,48821.1,48872.45,0
2024-05-06 13:35:00,48872.75,48929.1,48862.9,48909.9,0
2024-05-06 13:40:00,48910.05,48955.6,48890.9,48945.85,0
2024-05-06 13:45:00,48946.9,48950.7,48913.85,48925.4,0
2024-05-06 13:50:00,48925.2,48943.85,48897.25,48908.75,0
2024-05-06 13:55:00,48917.3,48929.3,48884.05,48891.45,0
2024-05-06 14:00:00,48892.65,48924.8,48868.95,48922.55,0
2024-05-06 14:05:00,48923.2,48940.7,48854.6,48871.5,0
2024-05-06 14:10:00,48870.3,48896.7,48834.25,48841.35,0
2024-05-06 14:15:00,48835.3,48898.65,48829.35,48894.7,0
2024-05-06 14:20:00,48896.9,48945.75,48896.55,48912.8,0
2024-05-06 14:25:00,48913.0,48920.6,48865.9,48878.45,0
2024-05-06 14:30:00,48876.55,48889.65,48784.0,48811.25,0
2024-05-06 14:35:00,48811.5,48858.45,48795.35,48856.45,0
2024-05-06 14:40:00,48857.6,48891.8,48847.95,48888.55,0
2024-05-06 14:45:00,48889.4,49010.45,48870.6,48983.75,0
2024-05-06 14:50:00,48991.5,48994.2,48925.35,48938.35,0
2024-05-06 14:55:00,48938.4,48966.2,48895.75,48901.1,0
2024-05-06 15:00:00,48897.1,48917.1,48862.45,48900.65,0
2024-05-06 15:05:00,48901.85,48913.9,48876.4,48904.7,0
2024-05-06 15:10:00,48907.05,48926.7,48877.2,48898.0,0
2024-05-06 15:15:00,48897.35,48908.8,48874.25,48878.9,0
2024-05-06 15:20:00,48880.25,48908.2,48876.9,48895.15,0
2024-05-06 15:25:00,48897.3,48954.7,48880.0,48931.85,0
2024-05-07 09:15:00,48965.05,49023.5,48909.55,48913.85,0
2024-05-07 09:20:00,48917.7,48986.35,48875.35,48948.8,0
2024-05-07 09:25:00,48950.45,48983.9,48931.8,48975.95,0
2024-05-07 09:30:00,48970.85,48975.7,48804.45,48885.2,0
2024-05-07 09:35:00,48885.1,48885.1,48854.75,48864.8,0
2024-05-07 09:40:00,48865.55,48905.65,48840.25,48872.3,0
2024-05-07 09:45:00,48872.8,48911.2,48746.95,48761.3,0
2024-05-07 09:50:00,48760.35,48790.4,48692.0,48695.05,0
2024-05-07 09:55:00,48697.35,48720.95,48640.6,48650.6,0
2024-05-07 10:00:00,48647.2,48650.1,48522.55,48555.9,0
2024-05-07 10:05:00,48549.7,48607.75,48534.55,48594.65,0
2024-05-07 10:10:00,48600.55,48626.55,48546.15,48598.05,0
2024-05-07 10:15:00,48598.2,48609.6,48499.8,48540.95,0
2024-05-07 10:20:00,48539.1,48548.6,48487.7,48515.05,0
2024-05-07 10:25:00,48513.5,48516.95,48441.75,48508.1,0
2024-05-07 10:30:00,48505.35,48545.05,48411.55,48416.3,0
2024-05-07 10:35:00,48417.4,48446.05,48395.1,48437.55,0
2024-05-07 10:40:00,48437.55,48452.6,48399.9,48414.85,0
2024-05-07 10:45:00,48411.85,48427.4,48378.15,48400.5,0
2024-05-07 10:50:00,48400.1,48420.7,48360.75,48389.0,0
2024-05-07 10:55:00,48389.0,48465.0,48385.2,48447.8,0
2024-05-07 11:00:00,48447.6,48460.55,48409.35,48412.05,0
2024-05-07 11:05:00,48412.2,48451.9,48366.85,48425.2,0
2024-05-07 11:10:00,48427.1,48432.4,48373.6,48376.9,0
2024-05-07 11:15:00,48378.6,48379.45,48312.55,48350.4,0
2024-05-07 11:20:00,48352.15,48355.8,48313.55,48320.55,0
2024-05-07 11:25:00,48320.55,48332.6,48290.1,48322.15,0
2024-05-07 11:30:00,48321.95,48328.55,48285.4,48293.9,0
2024-05-07 11:35:00,48293.15,48306.8,48230.4,48254.65,0
2024-05-07 11:40:00,48252.15,48308.3,48252.15,48291.65,0
2024-05-07 11:45:00,48293.2,48334.55,48276.4,48297.7,0
2024-05-07 11:50:00,48300.1,48330.5,48287.8,48311.15,0
2024-05-07 11:55:00,48319.65,48345.1,48268.1,48272.95,0
2024-05-07 12:00:00,48270.4,48290.2,48238.3,48286.8,0
2024-05-07 12:05:00,48280.3,48290.25,48256.45,48259.35,0
2024-05-07 12:10:00,48262.55,48295.4,48251.95,48286.1,0
2024-05-07 12:15:00,48280.9,48326.9,48268.85,48308.8,0
2024-05-07 12:20:00,48314.8,48342.25,48289.7,48332.05,0
2024-05-07 12:25:00,48333.05,48338.05,48296.55,48302.55,0
2024-05-07 12:30:00,48302.9,48313.75,48276.1,48283.1,0
2024-05-07 12:35:00,48282.0,48287.95,48222.2,48257.85,0
2024-05-07 12:40:00,48256.5,48276.55,48241.7,48257.2,0
2024-05-07 12:45:00,48254.55,48295.8,48247.25,48289.05,0
2024-05-07 12:50:00,48287.05,48303.35,48254.3,48264.1,0
2024-05-07 12:55:00,48265.65,48312.7,48252.3,48304.5,0
2024-05-07 13:00:00,48304.7,48316.1,48286.2,48297.1,0
2024-05-07 13:05:00,48296.75,48313.05,48281.2,48312.05,0
2024-05-07 13:10:00,48313.5,48345.3,48297.05,48299.7,0
2024-05-07 13:15:00,48300.05,48319.35,48291.85,48311.0,0
2024-05-07 13:20:00,48313.15,48385.75,48306.85,48341.25,0
2024-05-07 13:25:00,48340.8,48369.55,48325.85,48358.0,0
2024-05-07 13:30:00,48355.7,48429.75,48324.1,48393.8,0
2024-05-07 13:35:00,48395.1,48457.45,48393.45,48438.9,0
2024-05-07 13:40:00,48438.0,48447.45,48416.85,48434.35,0
2024-05-07 13:45:00,48432.9,48444.6,48405.9,48423.5,0
2024-05-07 13:50:00,48424.1,48424.1,48368.35,48395.7,0
2024-05-07 13:55:00,48396.35,48421.0,48377.5,48384.9,0
2024-05-07 14:00:00,48384.5,48433.9,48375.2,48424.3,0
2024-05-07 14:05:00,48426.15,48427.6,48381.4,48414.5,0
2024-05-07 14:10:00,48413.75,48413.75,48367.4,48393.9,0
2024-05-07 14:15:00,48390.4,48397.0,48366.5,48383.65,0
2024-05-07 14:20:00,48384.55,48399.0,48317.0,48333.05,0
2024-05-07 14:25:00,48335.55,48336.7,48257.05,48262.95,0
2024-05-07 14:30:00,48264.35,48332.05,48260.75,48324.15,0
2024-05-07 14:35:00,48325.45,48368.15,48305.95,48367.75,0
2024-05-07 14:40:00,48369.75,48390.25,48346.55,48349.8,0
2024-05-07 14:45:00,48349.3,48363.45,48328.9,48344.7,0
2024-05-07 14:50:00,48353.35,48372.95,48332.2,48336.2,0
2024-05-07 14:55:00,48335.4,48358.5,48321.15,48331.05,0
2024-05-07 15:00:00,48331.1,48357.55,48296.85,48298.2,0
2024-05-07 15:05:00,48301.4,48312.6,48213.75,48255.5,0
2024-05-07 15:10:00,48251.35,48314.45,48251.35,48305.3,0
2024-05-07 15:15:00,48309.9,48352.0,48284.3,48303.35,0
2024-05-07 15:20:00,48313.0,48320.55,48260.4,48290.45,0
2024-05-07 15:25:00,48288.15,48299.2,48249.4,48275.6,0
2024-05-08 09:15:00,48124.2,48196.3,48083.2,48193.5,0
2024-05-08 09:20:00,48193.6,48223.05,48121.0,48121.0,0
2024-05-08 09:25:00,48121.85,48186.4,48038.45,48055.35,0
2024-05-08 09:30:00,48056.95,48181.0,48052.55,48152.0,0
2024-05-08 09:35:00,48157.75,48166.05,48090.15,48152.75,0
2024-05-08 09:40:00,48155.15,48181.0,48052.5,48179.5,0
2024-05-08 09:45:00,48180.5,48198.95,48103.5,48110.05,0
2024-05-08 09:50:00,48115.35,48139.15,48071.35,48075.05,0
2024-05-08 09:55:00,48074.85,48140.05,48064.95,48117.15,0
2024-05-08 10:00:00,48122.0,48136.05,48045.65,48055.1,0
2024-05-08 10:05:00,48058.4,48138.85,48051.6,48129.2,0
2024-05-08 10:10:00,48129.2,48134.9,48073.75,48100.6,0
2024-05-08 10:15:00,48108.0,48108.0,48055.8,48087.15,0
2024-05-08 10:20:00,48088.9,48094.15,47881.85,47934.3,0
2024-05-08 10:25:00,47934.3,47950.8,47867.8,47903.9,0
2024-05-08 10:30:00,47906.2,47924.85,47851.15,47908.35,0
2024-05-08 10:35:00,47904.95,47941.85,47893.0,47933.6,0
2024-05-08 10:40:00,47931.45,47963.2,47906.9,47919.95,0
2024-05-08 10:45:00,47918.7,47941.05,47904.8,47925.2,0
2024-05-08 10:50:00,47926.1,47938.6,47904.55,47931.55,0
2024-05-08 10:55:00,47928.25,48042.0,47925.35,47988.65,0
2024-05-08 11:00:00,47986.35,47991.35,47938.0,47952.65,0
2024-05-08 11:05:00,47956.45,48017.85,47939.7,47978.45,0
2024-05-08 11:10:00,47979.05,47997.5,47950.7,47951.35,0
2024-05-08 11:15:00,47951.9,48158.7,47948.25,48158.7,0
2024-05-08 11:20:00,48153.85,48171.15,48067.2,48073.3,0
2024-05-08 11:25:00,48074.1,48079.3,47944.65,47988.25,0
2024-05-08 11:30:00,47990.4,48031.9,47972.75,48014.2,0
2024-05-08 11:35:00,48016.1,48042.0,47993.95,48021.6,0
2024-05-08 11:40:00,48022.0,48032.4,47988.5,48017.95,0
2024-05-08 11:45:00,48020.4,48117.5,48007.45,48089.9,0
2024-05-08 11:50:00,48087.8,48109.7,48031.15,48043.6,0
2024-05-08 11:55:00,48043.6,48080.55,48039.75,48076.2,0
2024-05-08 12:00:00,48074.4,48082.2,48039.5,48061.25,0
2024-05-08 12:05:00,48056.8,48106.05,48055.45,48089.55,0
2024-05-08 12:10:00,48090.85,48115.75,48069.35,48084.15,0
2024-05-08 12:15:00,48085.75,48134.3,48067.35,48128.25,0
2024-05-08 12:20:00,48128.35,48144.6,48084.15,48091.65,0
2024-05-08 12:25:00,48093.15,48097.0,48038.9,48068.45,0
2024-05-08 12:30:00,48069.4,48104.4,48057.35,48061.8,0
2024-05-08 12:35:00,48066.85,48101.5,48055.4,48080.55,0
2024-05-08 12:40:00,48078.2,48107.95,48074.6,48081.4,0
2024-05-08 12:45:00,48078.15,48111.75,48075.45,48108.5,0
2024-05-08 12:50:00,48105.5,48162.85,48092.45,48131.45,0
2024-05-08 12:55:00,48134.95,48159.95,48108.4,48119.65,0
2024-05-08 13:00:00,48124.35,48143.8,48071.75,48087.75,0
2024-05-08 13:05:00,48088.95,48129.85,48088.9,48110.25,0
2024-05-08 13:10:00,48113.65,48121.65,48094.1,48106.45,0
2024-05-08 13:15:00,48103.65,48153.9,48102.9,48146.25,0
2024-05-08 13:20:00,48141.5,48173.3,48104.7,48159.95,0
2024-05-08 13:25:00,48161.8,48173.65,48135.85,48143.95,0
2024-05-08 13:30:00,48145.05,48166.05,48128.95,48141.5,0
2024-05-08 13:35:00,48142.45,48148.5,48003.45,48071.35,0
2024-05-08 13:40:00,48073.7,48118.2,48054.45,48067.05,0
2024-05-08 13:45:00,48066.45,48076.25,47984.85,48019.4,0
2024-05-08 13:50:00,48016.6,48046.8,47991.4,48027.6,0
2024-05-08 13:55:00,48028.0,48076.35,48004.5,48016.25,0
2024-05-08 14:00:00,48016.95,48063.25,48016.15,48044.9,0
2024-05-08 14:05:00,48043.1,48048.25,47998.35,48006.3,0
2024-05-08 14:10:00,48005.2,48042.55,47973.55,48020.5,0
2024-05-08 14:15:00,48020.0,48033.6,47979.05,47981.65,0
2024-05-08 14:20:00,47984.25,48016.65,47959.15,48012.65,0
2024-05-08 14:25:00,48012.0,48046.45,47995.0,48016.2,0
2024-05-08 14:30:00,48016.15,48038.65,48000.25,48021.15,0
2024-05-08 14:35:00,48022.35,48035.25,47986.95,47991.5,0
2024-05-08 14:40:00,47992.55,48056.7,47991.5,48047.5,0
2024-05-08 14:45:00,48050.75,48081.3,48008.1,48061.9,0
2024-05-08 14:50:00,48069.55,48090.45,48028.8,48042.0,0
2024-05-08 14:55:00,48044.2,48048.2,48012.7,48040.8,0
2024-05-08 15:00:00,48041.85,48054.0,47982.9,47998.1,0
2024-05-08 15:05:00,47997.35,48012.3,47967.9,47972.6,0
2024-05-08 15:10:00,47973.15,48037.85,47961.6,48017.9,0
2024-05-08 15:15:00,48016.7,48029.25,47992.45,48011.6,0
2024-05-08 15:20:00,48008.4,48088.05,48005.6,48084.95,0
2024-05-08 15:25:00,48076.65,48105.5,48057.85,48101.6,0
2024-05-09 09:15:00,47976.35,48258.65,47964.85,48219.25,0
2024-05-09 09:20:00,48214.65,48214.65,48143.75,48189.6,0
2024-05-09 09:25:00,48195.05,48195.05,48103.3,48103.3,0
2024-05-09 09:30:00,48108.45,48171.45,48105.75,48141.3,0
2024-05-09 09:35:00,48141.7,48166.05,48058.1,48102.65,0
2024-05-09 09:40:00,48104.9,48122.05,48078.85,48107.9,0
2024-05-09 09:45:00,48111.15,48126.75,48042.0,48067.15,0
2024-05-09 09:50:00,48065.8,48173.45,48059.3,48128.7,0
2024-05-09 09:55:00,48129.5,48145.3,48047.75,48048.55,0
2024-05-09 10:00:00,48049.25,48109.6,48049.25,48103.7,0
2024-05-09 10:05:00,48105.65,48146.4,48099.0,48109.05,0
2024-05-09 10:10:00,48109.0,48120.15,47986.65,47992.45,0
2024-05-09 10:15:00,47987.55,48024.55,47944.35,47974.0,0
2024-05-09 10:20:00,47975.3,47977.15,47864.7,47877.65,0
2024-05-09 10:25:00,47881.15,47893.95,47822.15,47842.45,0
2024-05-09 10:30:00,47842.7,47910.15,47834.05,47909.8,0
2024-05-09 10:35:00,47906.2,47920.6,47867.3,47883.5,0
2024-05-09 10:40:00,47882.65,47899.65,47833.8,47841.75,0
2024-05-09 10:45:00,47841.85,47864.15,47821.95,47837.9,0
2024-05-09 10:50:00,47842.3,47883.55,47839.15,47841.7,0
2024-05-09 10:55:00,47844.4,47907.35,47832.6,47887.85,0
2024-05-09 11:00:00,47886.3,47887.55,47837.1,47844.45,0
2024-05-09 11:05:00,47840.75,47848.45,47764.0,47813.35,0
2024-05-09 11:10:00,47811.4,47816.8,47774.8,47778.25,0
2024-05-09 11:15:00,47775.55,47799.8,47734.6,47741.05,0
2024-05-09 11:20:00,47740.85,47772.95,47687.2,47688.1,0
2024-05-09 11:25:00,47687.4,47737.4,47661.05,47717.15,0
2024-05-09 11:30:00,47720.25,47762.8,47693.8,47750.45,0
2024-05-09 11:35:00,47751.3,47776.65,47726.7,47767.05,0
2024-05-09 11:40:00,47768.1,47789.55,47747.75,47775.4,0
2024-05-09 11:45:00,47777.25,47845.85,47773.4,47821.85,0
2024-05-09 11:50:00,47820.9,47868.45,47803.35,47811.15,0
2024-05-09 11:55:00,47811.15,47834.55,47797.75,47823.8,0
2024-05-09 12:00:00,47823.05,47833.4,47790.0,47816.75,0
2024-05-09 12:05:00,47818.65,47840.85,47806.7,47814.65,0
2024-05-09 12:10:00,47815.65,47865.85,47804.0,47849.75,0
2024-05-09 12:15:00,47850.65,47910.95,47838.95,47896.8,0
2024-05-09 12:20:00,47896.35,47907.1,47860.2,47875.65,0
2024-05-09 12:25:00,47875.65,47877.0,47825.75,47835.85,0
2024-05-09 12:30:00,47835.05,47846.5,47817.95,47845.05,0
2024-05-09 12:35:00,47842.35,47885.3,47818.1,47822.9,0
2024-05-09 12:40:00,47826.45,47839.5,47804.3,47827.65,0
2024-05-09 12:45:00,47829.45,47844.1,47732.55,47753.05,0
2024-05-09 12:50:00,47755.75,47757.3,47662.5,47677.9,0
2024-05-09 12:55:00,47678.1,47680.1,47615.7,47627.2,0
2024-05-09 13:00:00,47625.95,47701.45,47624.2,47696.9,0
2024-05-09 13:05:00,47699.35,47705.9,47655.25,47657.7,0
2024-05-09 13:10:00,47656.0,47699.95,47645.45,47687.25,0
2024-05-09 13:15:00,47685.5,47708.9,47668.3,47680.9,0
2024-05-09 13:20:00,47681.0,47686.15,47643.65,47651.55,0
2024-05-09 13:25:00,47651.4,47744.5,47651.4,47740.3,0
2024-05-09 13:30:00,47738.35,47746.1,47703.3,47715.35,0
2024-05-09 13:35:00,47718.7,47770.75,47705.9,47761.75,0
2024-05-09 13:40:00,47761.55,47777.3,47719.3,47731.0,0
2024-05-09 13:45:00,47734.2,47892.25,47726.15,47851.5,0
2024-05-09 13:50:00,47851.25,47858.95,47708.9,47720.1,0
2024-05-09 13:55:00,47723.85,47742.85,47649.8,47662.85,0
2024-05-09 14:00:00,47665.35,47735.3,47609.65,47732.65,0
2024-05-09 14:05:00,47734.8,47811.25,47685.05,47802.75,0
2024-05-09 14:10:00,47801.95,47815.8,47759.15,47783.35,0
2024-05-09 14:15:00,47776.8,47806.0,47731.85,47755.6,0
2024-05-09 14:20:00,47750.3,47800.4,47722.9,47733.8,0
2024-05-09 14:25:00,47729.55,47780.9,47713.65,47727.55,0
2024-05-09 14:30:00,47732.2,47742.3,47685.5,47697.65,0
2024-05-09 14:35:00,47706.55,47727.75,47649.75,47672.8,0
2024-05-09 14:40:00,47675.1,47683.2,47513.45,47534.95,0
2024-05-09 14:45:00,47539.2,47603.6,47515.6,47556.35,0
2024-05-09 14:50:00,47557.9,47642.75,47557.9,47595.15,0
2024-05-09 14:55:00,47594.35,47618.45,47562.55,47583.2,0
2024-05-09 15:00:00,47582.6,47584.8,47472.85,47506.55,0
2024-05-09 15:05:00,47509.5,47513.5,47465.2,47486.05,0
2024-05-09 15:10:00,47488.75,47525.75,47460.75,47465.75,0
2024-05-09 15:15:00,47469.5,47502.05,47440.65,47486.9,0
2024-05-09 15:20:00,47488.0,47520.3,47454.35,47468.05,0
2024-05-09 15:25:00,47469.75,47516.65,47464.8,47515.45,0
2024-05-10 09:15:00,47555.5,47585.55,47362.7,47369.3,0
2024-05-10 09:20:00,47375.45,47530.8,47370.1,47530.8,0
2024-05-10 09:25:00,47528.6,47620.1,47509.6,47620.1,0
2024-05-10 09:30:00,47616.9,47644.85,47553.95,47563.8,0
2024-05-10 09:35:00,47556.05,47622.55,47526.5,47570.05,0
2024-05-10 09:40:00,47569.7,47669.6,47531.6,47646.7,0
2024-05-10 09:45:00,47646.45,47667.9,47586.4,47616.05,0
2024-05-10 09:50:00,47613.65,47689.6,47569.5,47671.35,0
2024-05-10 09:55:00,47672.25,47732.1,47660.8,47724.8,0
2024-05-10 10:00:00,47723.0,47823.05,47723.0,47799.65,0
2024-05-10 10:05:00,47800.2,47868.7,47783.8,47822.85,0
2024-05-10 10:10:00,47827.5,47837.9,47777.45,47790.85,0
2024-05-10 10:15:00,47791.95,47824.6,47759.95,47783.5,0
2024-05-10 10:20:00,47784.55,47785.05,47668.2,47707.35,0
2024-05-10 10:25:00,47704.2,47737.8,47684.5,47701.05,0
2024-05-10 10:30:00,47705.3,47727.85,47639.25,47721.65,0
2024-05-10 10:35:00,47720.1,47777.45,47715.6,47759.45,0
2024-05-10 10:40:00,47760.35,47774.5,47726.4,47747.45,0
2024-05-10 10:45:00,47742.15,47746.95,47639.6,47652.55,0
2024-05-10 10:50:00,47652.65,47666.75,47563.2,47601.2,0
2024-05-10 10:55:00,47599.05,47633.7,47583.9,47621.35,0
2024-05-10 11:00:00,47617.4,47642.8,47597.3,47627.1,0
2024-05-10 11:05:00,47626.65,47692.75,47626.65,47677.45,0
2024-05-10 11:10:00,47675.0,47687.75,47647.15,47673.0,0
2024-05-10 11:15:00,47672.45,47707.5,47657.55,47707.5,0
2024-05-10 11:20:00,47705.1,47774.6,47687.45,47772.5,0
2024-05-10 11:25:00,47772.7,47777.15,47710.7,47739.2,0
2024-05-10 11:30:00,47740.7,47750.4,47698.2,47735.65,0
2024-05-10 11:35:00,47736.0,47742.75,47666.4,47694.15,0
2024-05-10 11:40:00,47691.35,47696.8,47673.55,47690.65,0
2024-05-10 11:45:00,47690.8,47696.2,47648.5,47663.4,0
2024-05-10 11:50:00,47663.2,47698.65,47631.0,47641.15,0
2024-05-10 11:55:00,47641.6,47657.8,47601.65,47644.55,0
2024-05-10 12:00:00,47644.35,47679.25,47638.35,47661.65,0
2024-05-10 12:05:00,47659.1,47703.3,47631.5,47698.6,0
2024-05-10 12:10:00,47697.3,47703.8,47640.55,47651.85,0
2024-05-10 12:15:00,47650.5,47670.9,47604.1,47640.7,0
2024-05-10 12:20:00,47642.95,47659.55,47610.45,47610.45,0
2024-05-10 12:25:00,47612.15,47617.85,47548.1,47608.1,0
2024-05-10 12:30:00,47610.35,47647.6,47605.5,47612.05,0
2024-05-10 12:35:00,47608.9,47625.6,47576.9,47580.6,0
2024-05-10 12:40:00,47580.6,47600.1,47559.7,47569.05,0
2024-05-10 12:45:00,47568.75,47571.4,47429.05,47480.2,0
2024-05-10 12:50:00,47482.2,47498.95,47450.45,47457.1,0
2024-05-10 12:55:00,47457.75,47481.75,47382.9,47391.6,0
2024-05-10 13:00:00,47388.1,47441.45,47313.35,47418.95,0
2024-05-10 13:05:00,47414.2,47463.2,47391.95,47412.1,0
2024-05-10 13:10:00,47410.65,47439.25,47402.05,47430.45,0
2024-05-10 13:15:00,47426.65,47453.8,47399.3,47402.45,0
2024-05-10 13:20:00,47397.65,47459.6,47387.35,47430.25,0
2024-05-10 13:25:00,47425.5,47480.15,47415.45,47476.15,0
2024-05-10 13:30:00,47473.7,47553.75,47462.85,47519.1,0
2024-05-10 13:35:00,47511.7,47517.0,47464.4,47511.4,0
2024-05-10 13:40:00,47512.5,47550.45,47499.35,47541.35,0
2024-05-10 13:45:00,47541.6,47549.9,47499.5,47542.4,0
2024-05-10 13:50:00,47541.5,47592.55,47537.55,47567.7,0
2024-05-10 13:55:00,47567.05,47574.9,47530.15,47571.55,0
2024-05-10 14:00:00,47571.45,47574.75,47489.25,47491.75,0
2024-05-10 14:05:00,47489.6,47515.5,47473.25,47511.0,0
2024-05-10 14:10:00,47509.95,47511.1,47444.55,47479.9,0
2024-05-10 14:15:00,47479.15,47515.65,47441.1,47467.65,0
2024-05-10 14:20:00,47465.45,47485.4,47443.05,47458.3,0
2024-05-10 14:25:00,47456.95,47464.5,47431.9,47439.25,0
2024-05-10 14:30:00,47437.2,47475.7,47414.95,47421.6,0
2024-05-10 14:35:00,47422.25,47426.85,47362.75,47392.55,0
2024-05-10 14:40:00,47391.0,47441.4,47379.85,47432.5,0
2024-05-10 14:45:00,47433.05,47466.25,47400.95,47414.4,0
2024-05-10 14:50:00,47411.1,47450.95,47394.6,47445.45,0
2024-05-10 14:55:00,47448.95,47454.05,47404.35,47415.55,0
2024-05-10 15:00:00,47414.8,47502.5,47414.8,47436.7,0
2024-05-10 15:05:00,47436.9,47468.65,47406.85,47440.1,0
2024-05-10 15:10:00,47437.75,47453.4,47392.0,47424.05,0
2024-05-10 15:15:00,47426.8,47453.75,47420.2,47445.5,0
2024-05-10 15:20:00,47450.1,47455.25,47423.55,47440.55,0
2024-05-10 15:25:00,47440.25,47453.15,47411.15,47440.85,0
2024-05-13 09:15:00,47389.8,47508.55,47350.65,47391.3,0
2024-05-13 09:20:00,47398.15,47407.95,47255.15,47288.6,0
2024-05-13 09:25:00,47287.85,47329.6,47237.05,47254.8,0
2024-05-13 09:30:00,47250.55,47283.65,47176.0,47188.3,0
2024-05-13 09:35:00,47185.0,47216.25,47164.15,47168.75,0
2024-05-13 09:40:00,47168.0,47190.95,47080.8,47102.25,0
2024-05-13 09:45:00,47104.45,47152.5,47104.45,47137.4,0
2024-05-13 09:50:00,47134.1,47137.2,47088.3,47109.6,0
2024-05-13 09:55:00,47109.45,47123.35,47044.85,47052.45,0
2024-05-13 10:00:00,47051.8,47075.25,47021.9,47053.75,0
2024-05-13 10:05:00,47051.9,47120.9,47045.15,47118.5,0
2024-05-13 10:10:00,47111.8,47131.2,47082.25,47128.05,0
2024-05-13 10:15:00,47126.35,47126.55,47033.7,47054.55,0
2024-05-13 10:20:00,47054.45,47061.4,47005.05,47060.4,0
2024-05-13 10:25:00,47057.65,47089.75,47053.5,47072.0,0
2024-05-13 10:30:00,47073.7,47079.2,47024.9,47036.3,0
2024-05-13 10:35:00,47035.0,47063.25,46992.6,46997.5,0
2024-05-13 10:40:00,46995.95,47023.05,46983.25,47021.1,0
2024-05-13 10:45:00,47021.0,47063.2,47002.3,47062.7,0
2024-05-13 10:50:00,47065.35,47115.35,47033.5,47100.85,0
2024-05-13 10:55:00,47106.95,47108.45,47048.5,47073.75,0
2024-05-13 11:00:00,47071.85,47097.3,47046.15,47075.15,0
2024-05-13 11:05:00,47069.25,47194.65,47069.25,47160.9,0
2024-05-13 11:10:00,47164.85,47170.85,47120.8,47133.6,0
2024-05-13 11:15:00,47132.55,47202.35,47129.7,47181.75,0
2024-05-13 11:20:00,47184.2,47207.1,47151.65,47151.65,0
2024-05-13 11:25:00,47151.95,47188.65,47151.95,47176.75,0
2024-05-13 11:30:00,47175.85,47296.2,47175.85,47286.1,0
2024-05-13 11:35:00,47284.8,47339.55,47277.2,47306.05,0
2024-05-13 11:40:00,47307.2,47321.95,47280.0,47281.75,0
2024-05-13 11:45:00,47282.65,47283.1,47216.8,47226.3,0
2024-05-13 11:50:00,47230.9,47298.9,47228.4,47293.0,0
2024-05-13 11:55:00,47287.65,47295.7,47261.6,47281.1,0
2024-05-13 12:00:00,47279.95,47316.6,47272.6,47308.7,0
2024-05-13 12:05:00,47310.05,47316.9,47273.3,47279.2,0
2024-05-13 12:10:00,47279.2,47319.5,47267.55,47313.15,0
2024-05-13 12:15:00,47313.9,47337.1,47298.5,47311.75,0
2024-05-13 12:20:00,47313.7,47363.45,47311.25,47353.4,0
2024-05-13 12:25:00,47351.65,47453.35,47337.6,47442.3,0
2024-05-13 12:30:00,47441.05,47491.75,47422.15,47469.9,0
2024-05-13 12:35:00,47472.45,47508.3,47459.65,47494.2,0
2024-05-13 12:40:00,47480.25,47520.15,47443.0,47454.7,0
2024-05-13 12:45:00,47455.2,47464.15,47391.15,47437.2,0
2024-05-13 12:50:00,47437.5,47445.1,47391.7,47427.4,0
2024-05-13 12:55:00,47428.75,47459.75,47428.75,47452.0,0
2024-05-13 13:00:00,47453.7,47465.85,47417.7,47419.4,0
2024-05-13 13:05:00,47418.2,47452.8,47416.95,47445.65,0
2024-05-13 13:10:00,47445.35,47485.2,47440.3,47470.95,0
2024-05-13 13:15:00,47471.35,47494.3,47445.95,47446.65,0
2024-05-13 13:20:00,47450.0,47454.05,47300.55,47304.4,0
2024-05-13 13:25:00,47304.4,47342.25,47278.2,47290.1,0
2024-05-13 13:30:00,47291.35,47293.5,47156.6,47177.6,0
2024-05-13 13:35:00,47179.7,47227.3,47155.65,47206.75,0
2024-05-13 13:40:00,47206.75,47245.75,47187.9,47238.3,0
2024-05-13 13:45:00,47241.45,47353.0,47214.35,47348.25,0
2024-05-13 13:50:00,47354.4,47673.75,47348.6,47668.45,0
2024-05-13 13:55:00,47671.55,47756.9,47617.65,47752.35,0
2024-05-13 14:00:00,47759.9,47774.35,47682.25,47707.4,0
2024-05-13 14:05:00,47704.95,47765.05,47675.45,47684.1,0
2024-05-13 14:10:00,47684.4,47728.8,47663.8,47720.75,0
2024-05-13 14:15:00,47721.5,47827.85,47721.5,47752.35,0
2024-05-13 14:20:00,47748.15,47756.8,47665.4,47702.65,0
2024-05-13 14:25:00,47704.75,47716.45,47662.7,47715.55,0
2024-05-13 14:30:00,47713.85,47780.6,47684.5,47684.5,0
2024-05-13 14:35:00,47693.75,47761.75,47677.85,47723.45,0
2024-05-13 14:40:00,47724.8,47785.5,47679.9,47740.95,0
2024-05-13 14:45:00,47735.65,47774.85,47713.35,47754.15,0
2024-05-13 14:50:00,47751.2,47797.8,47737.55,47754.35,0
2024-05-13 14:55:00,47751.6,47831.65,47731.25,47788.3,0
2024-05-13 15:00:00,47788.75,47822.15,47686.05,47752.55,0
2024-05-13 15:05:00,47751.25,47803.65,47691.2,47732.25,0
2024-05-13 15:10:00,47732.55,47757.3,47720.4,47727.45,0
2024-05-13 15:15:00,47728.55,47794.5,47714.55,47776.9,0
2024-05-13 15:20:00,47776.85,47809.1,47776.85,47799.15,0
2024-05-13 15:25:00,47804.65,47841.6,47774.85,47784.9,0
2024-05-14 09:15:00,47748.85,47908.95,47744.0,47905.35,0
2024-05-14 09:20:00,47905.9,47905.9,47665.95,47699.25,0
2024-05-14 09:25:00,47699.45,47775.05,47607.85,47735.4,0
2024-05-14 09:30:00,47734.55,47784.25,47674.25,47750.25,0
2024-05-14 09:35:00,47746.2,47783.4,47707.85,47754.4,0
2024-05-14 09:40:00,47757.75,47768.15,47698.25,47726.0,0
2024-05-14 09:45:00,47726.95,47726.95,47634.3,47661.3,0
2024-05-14 09:50:00,47665.5,47674.75,47610.45,47639.65,0
2024-05-14 09:55:00,47644.7,47885.8,47618.4,47771.05,0
2024-05-14 10:00:00,47773.85,47784.65,47652.15,47683.8,0
2024-05-14 10:05:00,47684.15,47709.8,47632.7,47678.45,0
2024-05-14 10:10:00,47681.0,47691.8,47625.0,47666.05,0
2024-05-14 10:15:00,47666.0,47718.6,47662.4,47705.1,0
2024-05-14 10:20:00,47702.0,47713.75,47677.3,47686.95,0
2024-05-14 10:25:00,47686.5,47777.8,47657.6,47769.4,0
2024-05-14 10:30:00,47767.95,47803.7,47733.7,47761.5,0
2024-05-14 10:35:00,47759.75,47765.6,47730.0,47756.8,0
2024-05-14 10:40:00,47756.35,47809.65,47735.65,47809.15,0
2024-05-14 10:45:00,47811.85,47818.8,47771.75,47781.05,0
2024-05-14 10:50:00,47781.3,47783.2,47716.7,47727.25,0
2024-05-14 10:55:00,47732.25,47768.4,47724.65,47745.35,0
2024-05-14 11:00:00,47744.3,47782.1,47737.85,47775.4,0
2024-05-14 11:05:00,47775.25,47814.2,47766.25,47785.8,0
2024-05-14 11:10:00,47784.95,47828.6,47775.8,47812.7,0
2024-05-14 11:15:00,47810.6,47821.9,47773.1,47805.25,0
2024-05-14 11:20:00,47806.15,47829.2,47787.25,47811.05,0
2024-05-14 11:25:00,47808.95,47823.15,47765.1,47782.15,0
2024-05-14 11:30:00,47779.55,47796.15,47721.35,47756.25,0
2024-05-14 11:35:00,47755.1,47803.05,47751.4,47791.2,0
2024-05-14 11:40:00,47788.8,47813.4,47769.7,47772.65,0
2024-05-14 11:45:00,47772.4,47807.75,47744.3,47801.1,0
2024-05-14 11:50:00,47802.3,47819.15,47773.45,47773.85,0
2024-05-14 11:55:00,47773.85,47803.05,47767.15,47790.1,0
2024-05-14 12:00:00,47789.65,47818.3,47769.35,47815.4,0
2024-05-14 12:05:00,47816.1,47832.45,47783.65,47825.3,0
2024-05-14 12:10:00,47825.55,47827.25,47791.85,47792.2,0
2024-05-14 12:15:00,47793.9,47797.15,47740.2,47773.4,0
2024-05-14 12:20:00,47772.7,47792.1,47755.15,47785.7,0
2024-05-14 12:25:00,47785.7,47793.55,47765.55,47786.25,0
2024-05-14 12:30:00,47783.85,47826.85,47777.35,47804.3,0
2024-05-14 12:35:00,47799.8,47813.55,47780.7,47794.7,0
2024-05-14 12:40:00,47794.5,47806.45,47773.75,47786.0,0
2024-05-14 12:45:00,47786.7,47807.6,47778.2,47801.6,0
2024-05-14 12:50:00,47802.8,47883.8,47798.35,47869.65,0
2024-05-14 12:55:00,47861.05,47908.5,47853.45,47882.55,0
2024-05-14 13:00:00,47882.3,47937.25,47860.3,47885.15,0
2024-05-14 13:05:00,47891.45,47894.5,47850.3,47867.25,0
2024-05-14 13:10:00,47867.5,47871.3,47822.2,47837.6,0
2024-05-14 13:15:00,47836.7,47851.8,47783.75,47789.0,0
2024-05-14 13:20:00,47789.05,47831.1,47780.4,47829.1,0
2024-05-14 13:25:00,47829.1,47857.55,47824.85,47848.5,0
2024-05-14 13:30:00,47847.45,47869.65,47827.2,47844.35,0
2024-05-14 13:35:00,47843.85,47848.7,47818.0,47846.7,0
2024-05-14 13:40:00,47847.3,47863.35,47838.75,47863.1,0
2024-05-14 13:45:00,47862.75,47868.05,47829.35,47842.85,0
2024-05-14 13:50:00,47842.0,47874.9,47831.1,47867.3,0
2024-05-14 13:55:00,47866.5,47880.65,47852.95,47877.35,0
2024-05-14 14:00:00,47877.15,47912.9,47866.95,47910.2,0
2024-05-14 14:05:00,47911.55,47912.5,47854.75,47887.65,0
2024-05-14 14:10:00,47887.45,47894.75,47843.75,47858.95,0
2024-05-14 14:15:00,47857.95,47860.35,47751.3,47834.3,0
2024-05-14 14:20:00,47836.35,47860.9,47811.95,47851.15,0
2024-05-14 14:25:00,47855.65,47902.6,47849.2,47883.3,0
2024-05-14 14:30:00,47884.15,47891.2,47817.9,47829.5,0
2024-05-14 14:35:00,47828.9,47839.0,47810.2,47834.75,0
2024-05-14 14:40:00,47834.15,47838.15,47811.05,47822.95,0
2024-05-14 14:45:00,47822.25,47836.9,47805.85,47821.4,0
2024-05-14 14:50:00,47817.9,47852.0,47816.2,47841.55,0
2024-05-14 14:55:00,47842.0,47857.4,47829.5,47830.9,0
2024-05-14 15:00:00,47833.5,47838.15,47802.4,47818.15,0
2024-05-14 15:05:00,47822.4,47868.6,47811.65,47852.3,0
2024-05-14 15:10:00,47853.8,47883.6,47848.8,47859.2,0
2024-05-14 15:15:00,47861.1,47897.45,47857.75,47887.15,0
2024-05-14 15:20:00,47887.5,47910.3,47867.05,47872.4,0
2024-05-14 15:25:00,47873.85,47885.8,47842.05,47872.0,0
2024-05-15 09:15:00,47923.1,47957.2,47850.9,47891.35,0
2024-05-15 09:20:00,47884.9,47898.2,47849.75,47871.9,0
2024-05-15 09:25:00,47870.15,47893.05,47833.35,47873.35,0
2024-05-15 09:30:00,47874.35,47874.35,47799.75,47851.4,0
2024-05-15 09:35:00,47852.55,47864.8,47825.25,47855.1,0
2024-05-15 09:40:00,47855.8,47915.7,47854.75,47883.8,0
2024-05-15 09:45:00,47885.4,47936.0,47875.15,47915.65,0
2024-05-15 09:50:00,47916.05,47929.0,47884.7,47910.1,0
2024-05-15 09:55:00,47912.95,47919.9,47826.4,47835.15,0
2024-05-15 10:00:00,47831.55,47841.4,47769.55,47803.5,0
2024-05-15 10:05:00,47796.35,47811.2,47690.7,47723.7,0
2024-05-15 10:10:00,47719.0,47747.95,47703.85,47735.45,0
2024-05-15 10:15:00,47733.9,47790.1,47668.6,47777.55,0
2024-05-15 10:20:00,47778.8,47787.0,47710.75,47728.8,0
2024-05-15 10:25:00,47729.65,47749.6,47685.6,47690.3,0
2024-05-15 10:30:00,47697.15,47726.75,47677.6,47722.6,0
2024-05-15 10:35:00,47727.2,47745.3,47716.3,47718.35,0
2024-05-15 10:40:00,47720.3,47729.95,47699.85,47713.25,0
2024-05-15 10:45:00,47715.1,47734.3,47685.75,47697.1,0
2024-05-15 10:50:00,47696.35,47735.7,47658.5,47735.7,0
2024-05-15 10:55:00,47730.5,47743.75,47706.95,47714.75,0
2024-05-15 11:00:00,47716.65,47786.45,47709.85,47757.2,0
2024-05-15 11:05:00,47752.1,47768.55,47706.05,47713.2,0
2024-05-15 11:10:00,47713.15,47731.7,47698.65,47725.0,0
2024-05-15 11:15:00,47727.85,47737.0,47710.6,47725.9,0
2024-05-15 11:20:00,47725.35,47748.7,47715.4,47730.55,0
2024-05-15 11:25:00,47730.55,47737.3,47612.35,47620.35,0
2024-05-15 11:30:00,47621.2,47638.35,47586.7,47617.7,0
2024-05-15 11:35:00,47616.7,47631.05,47602.25,47625.75,0
2024-05-15 11:40:00,47626.1,47640.85,47590.1,47633.75,0
2024-05-15 11:45:00,47635.3,47660.85,47622.3,47644.1,0
2024-05-15 11:50:00,47643.15,47651.3,47624.9,47635.25,0
2024-05-15 11:55:00,47634.3,47715.8,47627.5,47698.2,0
2024-05-15 12:00:00,47696.75,47703.35,47670.6,47681.05,0
2024-05-15 12:05:00,47682.05,47709.9,47653.7,47707.75,0
2024-05-15 12:10:00,47707.45,47712.7,47670.6,47681.1,0
2024-05-15 12:15:00,47679.95,47696.2,47662.85,47679.9,0
2024-05-15 12:20:00,47678.2,47684.55,47615.8,47646.75,0
2024-05-15 12:25:00,47645.85,47664.55,47639.8,47662.1,0
2024-05-15 12:30:00,47662.8,47687.75,47657.0,47660.6,0
2024-05-15 12:35:00,47661.85,47684.65,47641.85,47676.25,0
2024-05-15 12:40:00,47676.0,47678.45,47635.45,47642.1,0
2024-05-15 12:45:00,47641.55,47647.35,47608.6,47625.15,0
2024-05-15 12:50:00,47627.05,47656.9,47607.2,47644.4,0
2024-05-15 12:55:00,47642.3,47649.65,47586.2,47606.5,0
2024-05-15 13:00:00,47605.35,47637.6,47597.25,47637.6,0
2024-05-15 13:05:00,47638.35,47660.15,47615.8,47636.95,0
2024-05-15 13:10:00,47633.6,47640.75,47605.0,47614.75,0
2024-05-15 13:15:00,47612.3,47643.8,47588.7,47629.05,0
2024-05-15 13:20:00,47633.1,47655.35,47621.35,47645.75,0
2024-05-15 13:25:00,47647.4,47647.4,47604.65,47625.15,0
2024-05-15 13:30:00,47624.1,47625.85,47534.5,47587.9,0
2024-05-15 13:35:00,47592.45,47600.5,47573.2,47589.85,0
2024-05-15 13:40:00,47589.35,47590.05,47560.7,47585.55,0
2024-05-15 13:45:00,47586.05,47586.05,47535.25,47568.25,0
2024-05-15 13:50:00,47564.15,47593.15,47546.3,47585.7,0
2024-05-15 13:55:00,47584.35,47622.9,47567.35,47594.4,0
2024-05-15 14:00:00,47594.05,47611.3,47583.7,47603.85,0
2024-05-15 14:05:00,47601.95,47646.95,47587.95,47605.85,0
2024-05-15 14:10:00,47608.5,47650.05,47591.55,47629.8,0
2024-05-15 14:15:00,47629.0,47638.45,47603.3,47611.4,0
2024-05-15 14:20:00,47609.7,47629.8,47594.55,47605.75,0
2024-05-15 14:25:00,47608.45,47617.85,47584.4,47612.2,0
2024-05-15 14:30:00,47617.85,47629.45,47597.2,47625.2,0
2024-05-15 14:35:00,47626.8,47664.3,47616.55,47648.1,0
2024-05-15 14:40:00,47642.05,47665.75,47613.65,47617.45,0
2024-05-15 14:45:00,47617.6,47645.75,47604.2,47639.5,0
2024-05-15 14:50:00,47635.9,47660.25,47614.65,47641.3,0
2024-05-15 14:55:00,47644.1,47652.95,47613.35,47637.15,0
2024-05-15 15:00:00,47634.0,47675.0,47634.0,47650.85,0
2024-05-15 15:05:00,47647.75,47715.15,47638.7,47715.15,0
2024-05-15 15:10:00,47706.25,47734.9,47694.75,47718.2,0
2024-05-15 15:15:00,47719.0,47719.4,47665.75,47684.8,0
2024-05-15 15:20:00,47685.65,47719.3,47678.45,47710.9,0
2024-05-15 15:25:00,47708.3,47730.95,47694.1,47710.8,0
2024-05-16 09:15:00,47945.85,47976.9,47875.85,47910.15,0
2024-05-16 09:20:00,47907.65,48001.9,47907.65,47954.45,0
2024-05-16 09:25:00,47954.25,47959.45,47886.0,47916.4,0
2024-05-16 09:30:00,47916.1,47946.1,47798.8,47808.1,0
2024-05-16 09:35:00,47810.85,47815.15,47762.15,47787.45,0
2024-05-16 09:40:00,47787.2,47799.15,47743.7,47754.1,0
2024-05-16 09:45:00,47755.85,47854.1,47751.2,47833.45,0
2024-05-16 09:50:00,47831.45,47843.3,47777.8,47815.9,0
2024-05-16 09:55:00,47818.55,47841.65,47784.95,47802.2,0
2024-05-16 10:00:00,47801.75,47811.45,47750.15,47751.9,0
2024-05-16 10:05:00,47745.15,47808.75,47741.4,47800.1,0
2024-05-16 10:10:00,47795.85,47848.4,47783.55,47791.2,0
2024-05-16 10:15:00,47789.05,47796.5,47755.3,47756.45,0
2024-05-16 10:20:00,47755.0,47769.35,47626.3,47636.7,0
2024-05-16 10:25:00,47634.85,47661.15,47620.6,47628.6,0
2024-05-16 10:30:00,47628.2,47671.6,47625.3,47657.3,0
2024-05-16 10:35:00,47647.2,47652.7,47588.15,47603.75,0
2024-05-16 10:40:00,47602.3,47677.4,47596.4,47674.05,0
2024-05-16 10:45:00,47672.7,47680.15,47526.35,47536.6,0
2024-05-16 10:50:00,47527.95,47597.65,47525.4,47585.95,0
2024-05-16 10:55:00,47585.95,47608.05,47568.2,47584.0,0
2024-05-16 11:00:00,47580.95,47637.6,47568.9,47633.85,0
2024-05-16 11:05:00,47633.25,47634.25,47384.05,47411.55,0
2024-05-16 11:10:00,47404.7,47486.2,47340.35,47481.15,0
2024-05-16 11:15:00,47480.7,47484.7,47396.45,47437.7,0
2024-05-16 11:20:00,47436.35,47516.1,47421.3,47514.8,0
2024-05-16 11:25:00,47514.25,47519.9,47469.1,47481.6,0
2024-05-16 11:30:00,47479.4,47502.6,47464.75,47485.1,0
2024-05-16 11:35:00,47484.4,47499.35,47432.1,47490.85,0
2024-05-16 11:40:00,47491.7,47510.85,47436.4,47510.85,0
2024-05-16 11:45:00,47509.1,47513.5,47458.45,47490.35,0
2024-05-16 11:50:00,47491.1,47514.0,47463.7,47483.05,0
2024-05-16 11:55:00,47481.5,47512.55,47471.95,47508.1,0
2024-05-16 12:00:00,47507.15,47539.2,47464.05,47479.15,0
2024-05-16 12:05:00,47478.0,47688.15,47472.3,47676.35,0
2024-05-16 12:10:00,47676.35,47837.85,47675.85,47833.35,0
2024-05-16 12:15:00,47841.2,47876.9,47719.6,47737.95,0
2024-05-16 12:20:00,47734.55,47759.3,47706.4,47727.7,0
2024-05-16 12:25:00,47728.9,47733.45,47527.35,47564.4,0
2024-05-16 12:30:00,47560.3,47584.55,47514.45,47562.1,0
2024-05-16 12:35:00,47559.9,47609.45,47551.65,47606.3,0
2024-05-16 12:40:00,47605.4,47623.1,47582.25,47588.2,0
2024-05-16 12:45:00,47587.0,47608.9,47541.75,47550.5,0
2024-05-16 12:50:00,47545.95,47578.95,47536.65,47558.3,0
2024-05-16 12:55:00,47556.05,47588.95,47478.7,47513.35,0
2024-05-16 13:00:00,47512.1,47534.9,47474.5,47478.0,0
2024-05-16 13:05:00,47476.6,47523.1,47440.7,47507.55,0
2024-05-16 13:10:00,47507.65,47533.25,47480.45,47484.3,0
2024-05-16 13:15:00,47484.4,47486.35,47390.3,47442.35,0
2024-05-16 13:20:00,47441.05,47458.75,47385.25,47403.75,0
2024-05-16 13:25:00,47402.05,47465.85,47399.95,47405.25,0
2024-05-16 13:30:00,47401.25,47423.7,47375.15,47378.55,0
2024-05-16 13:35:00,47375.9,47435.7,47372.75,47390.45,0
2024-05-16 13:40:00,47393.7,47438.15,47371.1,47402.15,0
2024-05-16 13:45:00,47392.05,47420.0,47345.1,47399.0,0
2024-05-16 13:50:00,47399.45,47488.6,47396.3,47431.9,0
2024-05-16 13:55:00,47429.4,47511.65,47424.7,47473.4,0
2024-05-16 14:00:00,47473.95,47535.8,47451.9,47480.2,0
2024-05-16 14:05:00,47476.35,47487.75,47412.05,47432.0,0
2024-05-16 14:10:00,47427.3,47434.75,47391.4,47404.9,0
2024-05-16 14:15:00,47407.65,47501.95,47395.05,47467.7,0
2024-05-16 14:20:00,47472.3,47534.75,47445.05,47529.95,0
2024-05-16 14:25:00,47528.45,47541.65,47482.55,47509.75,0
2024-05-16 14:30:00,47507.6,47662.25,47500.2,47642.55,0
2024-05-16 14:35:00,47641.45,47680.6,47593.7,47671.7,0
2024-05-16 14:40:00,47670.2,47750.9,47654.15,47746.4,0
2024-05-16 14:45:00,47744.6,47787.55,47704.85,47757.35,0
2024-05-16 14:50:00,47755.75,47842.95,47750.3,47825.95,0
2024-05-16 14:55:00,47824.6,47877.95,47769.35,47877.15,0
2024-05-16 15:00:00,47879.05,47940.9,47871.6,47927.1,0
2024-05-16 15:05:00,47930.05,47998.95,47925.55,47949.0,0
2024-05-16 15:10:00,47948.3,47983.85,47948.15,47973.7,0
2024-05-16 15:15:00,47974.9,48052.9,47962.4,48022.8,0
2024-05-16 15:20:00,48024.3,48051.6,48004.2,48042.9,0
2024-05-16 15:25:00,48043.45,48046.5,47958.05,47977.4,0
2024-05-17 09:15:00,47842.95,47981.6,47827.5,47897.75,0
2024-05-17 09:20:00,47900.25,47911.25,47807.55,47835.8,0
2024-05-17 09:25:00,47831.3,47865.95,47799.55,47839.8,0
2024-05-17 09:30:00,47843.9,47907.1,47788.5,47812.85,0
2024-05-17 09:35:00,47815.05,47830.65,47785.6,47799.15,0
2024-05-17 09:40:00,47798.55,47814.5,47758.8,47773.65,0
2024-05-17 09:45:00,47771.95,47840.15,47770.5,47808.75,0
2024-05-17 09:50:00,47806.1,47908.65,47803.65,47897.25,0
2024-05-17 09:55:00,47899.8,48001.9,47886.75,47954.4,0
2024-05-17 10:00:00,47958.15,47995.55,47934.3,47985.4,0
2024-05-17 10:05:00,47981.55,48025.35,47863.75,47994.15,0
2024-05-17 10:10:00,47989.3,48005.05,47951.45,47952.8,0
2024-05-17 10:15:00,47949.15,47981.75,47922.9,47977.9,0
2024-05-17 10:20:00,47973.95,48006.35,47950.0,47997.95,0
2024-05-17 10:25:00,47996.5,48100.05,47988.2,48066.25,0
2024-05-17 10:30:00,48064.0,48094.4,48047.45,48060.3,0
2024-05-17 10:35:00,48060.9,48139.1,48034.15,48038.1,0
2024-05-17 10:40:00,48040.75,48090.15,48032.4,48084.4,0
2024-05-17 10:45:00,48079.3,48107.6,48027.4,48038.05,0
2024-05-17 10:50:00,48038.9,48087.8,48038.9,48076.95,0
2024-05-17 10:55:00,48071.85,48105.85,48065.6,48089.1,0
2024-05-17 11:00:00,48085.6,48115.75,48055.0,48105.9,0
2024-05-17 11:05:00,48109.05,48120.0,48072.55,48083.7,0
2024-05-17 11:10:00,48082.75,48160.3,48043.4,48144.85,0
2024-05-17 11:15:00,48145.15,48170.55,48121.8,48151.2,0
2024-05-17 11:20:00,48155.9,48159.15,48088.05,48100.6,0
2024-05-17 11:25:00,48099.85,48111.45,48031.25,48069.0,0
2024-05-17 11:30:00,48069.1,48108.8,48053.3,48095.0,0
2024-05-17 11:35:00,48092.95,48118.25,48081.35,48088.55,0
2024-05-17 11:40:00,48091.55,48120.85,48087.75,48116.75,0
2024-05-17 11:45:00,48121.2,48136.45,48110.4,48130.75,0
2024-05-17 11:50:00,48130.25,48182.9,48116.9,48173.4,0
2024-05-17 11:55:00,48172.6,48185.7,48137.0,48149.1,0
2024-05-17 12:00:00,48149.3,48153.45,48096.15,48117.7,0
2024-05-17 12:05:00,48118.55,48122.85,48093.3,48121.1,0
2024-05-17 12:10:00,48120.05,48122.5,48028.25,48040.85,0
2024-05-17 12:15:00,48043.8,48082.65,48039.1,48068.35,0
2024-05-17 12:20:00,48068.25,48095.55,48061.4,48088.7,0
2024-05-17 12:25:00,48087.55,48117.2,48081.0,48082.35,0
2024-05-17 12:30:00,48083.1,48107.7,48064.25,48094.7,0
2024-05-17 12:35:00,48095.25,48119.1,48086.05,48106.85,0
2024-05-17 12:40:00,48107.4,48134.65,48083.45,48088.0,0
2024-05-17 12:45:00,48087.7,48109.65,48057.85,48097.35,0
2024-05-17 12:50:00,48095.75,48105.25,48068.4,48068.4,0
2024-05-17 12:55:00,48069.6,48086.05,48024.6,48076.15,0
2024-05-17 13:00:00,48074.95,48079.7,48028.2,48049.5,0
2024-05-17 13:05:00,48050.45,48072.2,48031.4,48045.0,0
2024-05-17 13:10:00,48045.0,48083.0,48041.45,48065.0,0
2024-05-17 13:15:00,48068.35,48088.6,48054.1,48069.7,0
2024-05-17 13:20:00,48068.5,48077.2,48055.3,48071.1,0
2024-05-17 13:25:00,48071.4,48081.55,48050.4,48052.75,0
2024-05-17 13:30:00,48055.2,48123.9,48003.9,48119.6,0
2024-05-17 13:35:00,48116.1,48123.9,48052.8,48064.25,0
2024-05-17 13:40:00,48064.25,48077.3,48055.9,48056.7,0
2024-05-17 13:45:00,48056.1,48103.45,48056.1,48088.25,0
2024-05-17 13:50:00,48088.0,48098.8,48055.1,48074.4,0
2024-05-17 13:55:00,48074.4,48086.5,48057.8,48066.9,0
2024-05-17 14:00:00,48074.5,48123.0,48065.2,48110.1,0
2024-05-17 14:05:00,48113.6,48140.45,48092.85,48116.85,0
2024-05-17 14:10:00,48116.85,48143.55,48102.5,48115.3,0
2024-05-17 14:15:00,48110.85,48158.75,48102.9,48117.45,0
2024-05-17 14:20:00,48113.55,48153.4,48111.8,48136.5,0
2024-05-17 14:25:00,48134.7,48139.45,48095.7,48104.7,0
2024-05-17 14:30:00,48104.35,48136.45,48096.35,48124.05,0
2024-05-17 14:35:00,48125.45,48152.15,48116.9,48145.25,0
2024-05-17 14:40:00,48144.65,48163.2,48124.55,48127.5,0
2024-05-17 14:45:00,48125.65,48138.75,48087.6,48123.45,0
2024-05-17 14:50:00,48123.15,48132.95,48101.2,48113.4,0
2024-05-17 14:55:00,48113.8,48127.8,48090.1,48104.25,0
2024-05-17 15:00:00,48109.25,48109.25,48036.4,48059.95,0
2024-05-17 15:05:00,48062.0,48073.65,48022.55,48071.35,0
2024-05-17 15:10:00,48068.2,48134.7,48053.35,48130.85,0
2024-05-17 15:15:00,48129.3,48180.7,48127.4,48169.9,0
2024-05-17 15:20:00,48171.0,48188.65,48143.65,48172.7,0
2024-05-17 15:25:00,48174.6,48179.5,48111.55,48121.35,0
2024-05-18 09:15:00,48197.3,48227.05,48111.2,48153.35,0
2024-05-18 09:20:00,48154.8,48180.9,48154.0,48157.25,0
2024-05-18 09:25:00,48157.05,48183.75,48153.6,48174.6,0
2024-05-18 09:30:00,48172.45,48190.8,48166.0,48176.65,0
2024-05-18 09:35:00,48176.15,48188.1,48166.05,48182.55,0
2024-05-18 09:40:00,48178.35,48187.95,48167.3,48178.5,0
2024-05-18 09:45:00,48179.0,48189.15,48130.8,48135.75,0
2024-05-18 09:50:00,48135.65,48192.1,48135.65,48148.4,0
2024-05-18 09:55:00,48152.1,48169.75,48142.25,48151.6,0
2024-05-18 11:30:00,48168.0,48190.5,48109.9,48156.65,0
2024-05-18 11:35:00,48157.0,48179.15,48154.1,48175.45,0
2024-05-18 11:40:00,48175.55,48188.1,48168.2,48181.0,0
2024-05-18 11:45:00,48182.65,48187.8,48168.85,48173.05,0
2024-05-18 11:50:00,48173.2,48184.9,48163.35,48170.55,0
2024-05-18 11:55:00,48171.6,48184.75,48155.3,48174.25,0
2024-05-18 12:00:00,48173.05,48184.35,48163.4,48176.45,0
2024-05-18 12:05:00,48176.45,48185.05,48169.6,48170.75,0
2024-05-18 12:10:00,48173.05,48209.0,48173.05,48194.3,0
2024-05-18 12:15:00,48197.35,48217.55,48178.1,48207.85,0
2024-05-18 12:20:00,48207.55,48216.35,48184.5,48199.25,0
2024-05-18 12:25:00,48196.1,48222.35,48185.45,48204.0,0
2024-05-21 09:15:00,47927.1,48153.15,47927.1,48094.5,0
2024-05-21 09:20:00,48096.05,48218.7,48093.65,48158.7,0
2024-05-21 09:25:00,48159.5,48184.75,48126.1,48133.6,0
2024-05-21 09:30:00,48129.0,48142.65,48081.1,48100.25,0
2024-05-21 09:35:00,48099.15,48133.7,48066.1,48124.25,0
2024-05-21 09:40:00,48124.1,48136.15,48075.8,48085.4,0
2024-05-21 09:45:00,48087.2,48113.5,48065.05,48078.5,0
2024-05-21 09:50:00,48074.85,48094.05,48050.05,48057.2,0
2024-05-21 09:55:00,48052.4,48070.45,48014.85,48026.85,0
2024-05-21 10:00:00,48025.5,48056.35,47993.95,48039.7,0
2024-05-21 10:05:00,48039.3,48064.05,48003.3,48005.45,0
2024-05-21 10:10:00,48004.85,48029.95,47998.35,48000.55,0
2024-05-21 10:15:00,48003.2,48029.6,47961.2,48021.3,0
2024-05-21 10:20:00,48021.35,48069.7,48017.0,48068.2,0
2024-05-21 10:25:00,48066.25,48085.35,48050.0,48073.85,0
2024-05-21 10:30:00,48072.25,48074.9,48019.1,48039.95,0
2024-05-21 10:35:00,48038.2,48040.25,48016.0,48023.45,0
2024-05-21 10:40:00,48027.4,48040.7,48019.75,48022.1,0
2024-05-21 10:45:00,48022.95,48058.45,48015.8,48057.05,0
2024-05-21 10:50:00,48057.25,48073.85,48046.2,48063.45,0
2024-05-21 10:55:00,48063.5,48089.0,48056.75,48057.2,0
2024-05-21 11:00:00,48056.9,48126.8,48055.75,48109.5,0
2024-05-21 11:05:00,48108.15,48119.7,48091.15,48091.25,0
2024-05-21 11:10:00,48089.75,48115.15,48084.9,48112.55,0
2024-05-21 11:15:00,48110.8,48157.8,48110.8,48140.05,0
2024-05-21 11:20:00,48138.05,48152.8,48117.6,48136.0,0
2024-05-21 11:25:00,48135.3,48155.65,48125.1,48139.35,0
2024-05-21 11:30:00,48140.9,48147.95,48112.0,48116.0,0
2024-05-21 11:35:00,48116.75,48136.75,48108.55,48131.15,0
2024-05-21 11:40:00,48129.0,48162.75,48120.8,48151.3,0
2024-05-21 11:45:00,48151.45,48159.85,48132.3,48144.85,0
2024-05-21 11:50:00,48141.85,48166.15,48137.75,48158.8,0
2024-05-21 11:55:00,48158.8,48185.75,48158.8,48173.5,0
2024-05-21 12:00:00,48173.6,48204.1,48144.35,48152.3,0
2024-05-21 12:05:00,48149.4,48165.25,48135.65,48150.25,0
2024-05-21 12:10:00,48150.4,48183.55,48141.35,48170.75,0
2024-05-21 12:15:00,48169.1,48173.55,48156.25,48161.6,0
2024-05-21 12:20:00,48161.4,48164.45,48134.5,48148.75,0
2024-05-21 12:25:00,48148.45,48149.8,48116.2,48139.7,0
2024-05-21 12:30:00,48139.75,48170.65,48135.2,48166.45,0
2024-05-21 12:35:00,48168.25,48179.9,48161.7,48165.2,0
2024-05-21 12:40:00,48166.3,48182.0,48149.45,48164.7,0
2024-05-21 12:45:00,48164.5,48198.05,48159.25,48183.95,0
2024-05-21 12:50:00,48184.15,48211.85,48182.65,48201.35,0
2024-05-21 12:55:00,48200.85,48256.85,48200.65,48245.75,0
2024-05-21 13:00:00,48245.9,48259.75,48226.4,48235.35,0
2024-05-21 13:05:00,48235.25,48237.05,48207.3,48219.8,0
2024-05-21 13:10:00,48222.4,48237.95,48212.85,48231.8,0
2024-05-21 13:15:00,48232.85,48241.7,48216.1,48234.7,0
2024-05-21 13:20:00,48236.05,48238.35,48145.3,48160.8,0
2024-05-21 13:25:00,48160.8,48169.95,48113.75,48150.4,0
2024-05-21 13:30:00,48151.5,48186.65,48143.5,48171.55,0
2024-05-21 13:35:00,48171.7,48178.25,48132.15,48135.85,0
2024-05-21 13:40:00,48136.35,48153.0,48124.05,48141.85,0
2024-05-21 13:45:00,48143.4,48172.0,48138.95,48165.3,0
2024-05-21 13:50:00,48162.6,48169.3,48148.4,48159.45,0
2024-05-21 13:55:00,48160.9,48163.6,48134.8,48139.65,0
2024-05-21 14:00:00,48140.45,48177.55,48133.15,48158.15,0
2024-05-21 14:05:00,48157.0,48163.1,48136.85,48143.65,0
2024-05-21 14:10:00,48142.85,48146.75,48098.15,48113.75,0
2024-05-21 14:15:00,48112.65,48114.5,48088.85,48094.5,0
2024-05-21 14:20:00,48095.45,48102.9,48066.35,48098.35,0
2024-05-21 14:25:00,48097.05,48114.5,48088.9,48098.9,0
2024-05-21 14:30:00,48091.25,48120.1,48090.45,48105.05,0
2024-05-21 14:35:00,48103.95,48129.55,48096.85,48117.75,0
2024-05-21 14:40:00,48118.6,48144.65,48109.95,48125.5,0
2024-05-21 14:45:00,48122.25,48135.05,48094.0,48108.75,0
2024-05-21 14:50:00,48111.35,48131.7,48068.35,48076.7,0
2024-05-21 14:55:00,48077.75,48098.9,48052.45,48057.2,0
2024-05-21 15:00:00,48054.95,48097.15,48001.1,48090.55,0
2024-05-21 15:05:00,48090.65,48103.5,48056.75,48059.9,0
2024-05-21 15:10:00,48064.85,48077.15,48030.85,48030.85,0
2024-05-21 15:15:00,48033.5,48055.5,48027.15,48044.65,0
2024-05-21 15:20:00,48045.05,48046.6,48013.7,48033.95,0
2024-05-21 15:25:00,48032.2,48034.6,47968.65,47989.85,0
2024-05-22 09:15:00,48113.9,48114.05,47928.95,47956.35,0
2024-05-22 09:20:00,47947.9,47951.55,47869.8,47925.55,0
2024-05-22 09:25:00,47922.7,47939.15,47884.6,47912.8,0
2024-05-22 09:30:00,47916.4,47976.9,47883.75,47906.5,0
2024-05-22 09:35:00,47900.25,47929.0,47856.8,47899.05,0
2024-05-22 09:40:00,47900.95,47914.35,47798.15,47813.45,0
2024-05-22 09:45:00,47818.05,47834.4,47702.15,47755.8,0
2024-05-22 09:50:00,47749.85,47779.85,47710.2,47769.65,0
2024-05-22 09:55:00,47762.8,47831.55,47762.8,47810.45,0
2024-05-22 10:00:00,47811.4,47840.8,47786.65,47830.95,0
2024-05-22 10:05:00,47829.4,47832.4,47735.05,47766.0,0
2024-05-22 10:10:00,47768.05,47826.05,47766.55,47801.9,0
2024-05-22 10:15:00,47805.45,47828.95,47770.65,47823.1,0
2024-05-22 10:20:00,47822.8,47822.95,47749.3,47770.6,0
2024-05-22 10:25:00,47769.55,47800.1,47721.95,47749.3,0
2024-05-22 10:30:00,47748.3,47790.0,47736.0,47770.8,0
2024-05-22 10:35:00,47777.05,47785.9,47731.6,47741.35,0
2024-05-22 10:40:00,47738.25,47756.55,47722.85,47734.75,0
2024-05-22 10:45:00,47731.3,47755.85,47699.85,47731.4,0
2024-05-22 10:50:00,47729.8,47779.65,47729.8,47761.6,0
2024-05-22 10:55:00,47761.55,47768.0,47733.75,47738.45,0
2024-05-22 11:00:00,47738.85,47746.9,47634.2,47666.4,0
2024-05-22 11:05:00,47663.4,47680.05,47643.1,47667.95,0
2024-05-22 11:10:00,47667.95,47698.15,47656.4,47674.3,0
2024-05-22 11:15:00,47673.2,47679.1,47633.3,47663.75,0
2024-05-22 11:20:00,47664.85,47690.0,47657.35,47666.15,0
2024-05-22 11:25:00,47664.75,47700.2,47648.6,47692.15,0
2024-05-22 11:30:00,47696.05,47716.85,47672.85,47688.4,0
2024-05-22 11:35:00,47684.55,47701.9,47645.2,47648.75,0
2024-05-22 11:40:00,47646.9,47677.05,47638.35,47672.55,0
2024-05-22 11:45:00,47672.65,47704.1,47661.4,47702.55,0
2024-05-22 11:50:00,47697.15,47733.2,47686.35,47718.2,0
2024-05-22 11:55:00,47715.95,47718.7,47682.2,47691.5,0
2024-05-22 12:00:00,47691.4,47747.5,47691.4,47741.4,0
2024-05-22 12:05:00,47739.55,47746.55,47716.2,47733.9,0
2024-05-22 12:10:00,47732.55,47757.3,47704.5,47717.95,0
2024-05-22 12:15:00,47716.6,47759.95,47715.75,47747.2,0
2024-05-22 12:20:00,47748.15,47754.3,47714.05,47716.45,0
2024-05-22 12:25:00,47715.95,47725.1,47674.9,47699.9,0
2024-05-22 12:30:00,47699.8,47718.75,47678.7,47698.65,0
2024-05-22 12:35:00,47697.25,47703.1,47645.1,47670.0,0
2024-05-22 12:40:00,47670.0,47685.6,47638.9,47664.45,0
2024-05-22 12:45:00,47659.15,47674.45,47631.2,47669.75,0
2024-05-22 12:50:00,47665.05,47675.6,47648.85,47652.65,0
2024-05-22 12:55:00,47650.4,47676.0,47625.15,47658.1,0
2024-05-22 13:00:00,47658.05,47677.0,47637.6,47672.7,0
2024-05-22 13:05:00,47671.0,47677.15,47639.95,47646.5,0
2024-05-22 13:10:00,47647.45,47649.85,47625.35,47649.35,0
2024-05-22 13:15:00,47648.15,47669.2,47643.9,47655.95,0
2024-05-22 13:20:00,47658.5,47713.1,47655.4,47702.95,0
2024-05-22 13:25:00,47700.35,47738.05,47692.85,47718.65,0
2024-05-22 13:30:00,47718.0,47731.0,47702.8,47713.2,0
2024-05-22 13:35:00,47712.15,47712.15,47655.55,47669.7,0
2024-05-22 13:40:00,47669.45,47692.0,47658.45,47677.0,0
2024-05-22 13:45:00,47674.45,47712.35,47663.1,47695.15,0
2024-05-22 13:50:00,47699.1,47716.2,47681.8,47696.65,0
2024-05-22 13:55:00,47689.1,47778.1,47680.4,47745.3,0
2024-05-22 14:00:00,47740.7,47803.55,47728.8,47787.45,0
2024-05-22 14:05:00,47784.75,47792.55,47716.0,47725.25,0
2024-05-22 14:10:00,47714.75,47731.3,47688.1,47706.9,0
2024-05-22 14:15:00,47708.25,47748.4,47689.35,47725.35,0
2024-05-22 14:20:00,47728.3,47734.75,47709.05,47722.05,0
2024-05-22 14:25:00,47719.0,47731.4,47691.15,47694.3,0
2024-05-22 14:30:00,47692.15,47735.2,47679.3,47716.4,0
2024-05-22 14:35:00,47716.05,47737.1,47704.6,47717.05,0
2024-05-22 14:40:00,47720.0,47739.05,47709.9,47726.3,0
2024-05-22 14:45:00,47723.6,47731.45,47697.5,47705.0,0
2024-05-22 14:50:00,47703.55,47713.95,47558.35,47565.5,0
2024-05-22 14:55:00,47570.35,47622.5,47435.25,47581.0,0
2024-05-22 15:00:00,47574.75,47687.9,47566.75,47667.1,0
2024-05-22 15:05:00,47668.9,47829.05,47665.8,47822.0,0
2024-05-22 15:10:00,47822.15,47851.5,47784.7,47826.75,0
2024-05-22 15:15:00,47828.5,47913.35,47825.3,47903.45,0
2024-05-22 15:20:00,47902.55,47940.15,47873.2,47928.1,0
2024-05-22 15:25:00,47930.65,47959.15,47885.9,47906.05,0
2024-05-23 09:15:00,47899.35,48032.15,47873.15,48002.3,0
2024-05-23 09:20:00,48000.0,48024.4,47960.05,48017.25,0
2024-05-23 09:25:00,48015.4,48028.25,47948.2,47971.0,0
2024-05-23 09:30:00,47968.95,48024.8,47942.15,48018.4,0
2024-05-23 09:35:00,48022.25,48063.0,48016.2,48038.05,0
2024-05-23 09:40:00,48040.75,48104.75,48025.2,48097.75,0
2024-05-23 09:45:00,48094.3,48148.3,48075.55,48132.85,0
2024-05-23 09:50:00,48141.95,48204.45,48139.45,48175.15,0
2024-05-23 09:55:00,48174.55,48189.1,48139.6,48179.3,0
2024-05-23 10:00:00,48183.1,48197.9,48128.2,48134.55,0
2024-05-23 10:05:00,48136.85,48178.55,48132.8,48139.25,0
2024-05-23 10:10:00,48139.75,48195.75,48136.2,48190.1,0
2024-05-23 10:15:00,48188.55,48226.7,48179.4,48222.1,0
2024-05-23 10:20:00,48222.5,48360.65,48213.35,48352.85,0
2024-05-23 10:25:00,48352.15,48381.5,48334.0,48356.55,0
2024-05-23 10:30:00,48354.25,48395.25,48307.9,48313.7,0
2024-05-23 10:35:00,48312.15,48332.45,48284.65,48308.3,0
2024-05-23 10:40:00,48311.55,48320.55,48214.15,48270.25,0
2024-05-23 10:45:00,48265.8,48281.0,48239.1,48269.65,0
2024-05-23 10:50:00,48270.1,48334.05,48262.7,48302.55,0
2024-05-23 10:55:00,48302.95,48313.7,48284.0,48303.9,0
2024-05-23 11:00:00,48303.1,48367.1,48296.0,48337.8,0
2024-05-23 11:05:00,48343.6,48352.5,48314.0,48335.45,0
2024-05-23 11:10:00,48337.15,48348.95,48308.0,48313.5,0
2024-05-23 11:15:00,48314.05,48346.7,48309.55,48323.5,0
2024-05-23 11:20:00,48325.6,48384.25,48324.1,48343.2,0
2024-05-23 11:25:00,48341.55,48368.9,48333.75,48358.4,0
2024-05-23 11:30:00,48358.15,48409.35,48356.95,48373.4,0
2024-05-23 11:35:00,48372.4,48389.6,48355.6,48373.1,0
2024-05-23 11:40:00,48373.15,48388.1,48348.15,48355.6,0
2024-05-23 11:45:00,48355.85,48368.9,48330.45,48363.3,0
2024-05-23 11:50:00,48368.15,48408.1,48362.4,48401.6,0
2024-05-23 11:55:00,48406.35,48461.9,48380.1,48427.8,0
2024-05-23 12:00:00,48430.6,48463.3,48399.4,48399.5,0
2024-05-23 12:05:00,48397.75,48431.1,48387.85,48420.5,0
2024-05-23 12:10:00,48422.45,48444.7,48416.8,48428.55,0
2024-05-23 12:15:00,48430.95,48474.65,48427.45,48455.1,0
2024-05-23 12:20:00,48455.05,48480.6,48451.3,48468.9,0
2024-05-23 12:25:00,48474.2,48504.25,48454.85,48500.05,0
2024-05-23 12:30:00,48501.6,48523.45,48461.15,48483.0,0
2024-05-23 12:35:00,48482.75,48573.45,48466.25,48533.5,0
2024-05-23 12:40:00,48530.95,48546.85,48521.5,48541.05,0
2024-05-23 12:45:00,48543.7,48571.0,48528.05,48549.35,0
2024-05-23 12:50:00,48547.65,48556.25,48512.85,48540.5,0
2024-05-23 12:55:00,48540.5,48591.15,48536.7,48579.7,0
2024-05-23 13:00:00,48577.15,48626.55,48558.95,48565.05,0
2024-05-23 13:05:00,48562.55,48601.4,48562.55,48575.9,0
2024-05-23 13:10:00,48576.25,48579.55,48511.9,48539.1,0
2024-05-23 13:15:00,48536.2,48540.7,48461.1,48467.1,0
2024-05-23 13:20:00,48470.1,48510.75,48454.65,48493.25,0
2024-05-23 13:25:00,48494.55,48571.5,48482.4,48556.6,0
2024-05-23 13:30:00,48553.85,48594.75,48538.35,48547.9,0
2024-05-23 13:35:00,48548.65,48572.25,48520.05,48550.4,0
2024-05-23 13:40:00,48550.75,48577.9,48538.75,48550.25,0
2024-05-23 13:45:00,48548.5,48578.5,48515.2,48569.45,0
2024-05-23 13:50:00,48566.25,48617.2,48557.4,48609.25,0
2024-05-23 13:55:00,48614.25,48633.9,48582.75,48592.2,0
2024-05-23 14:00:00,48591.45,48670.8,48588.9,48657.4,0
2024-05-23 14:05:00,48660.15,48684.8,48637.9,48645.6,0
2024-05-23 14:10:00,48645.05,48711.9,48638.85,48709.6,0
2024-05-23 14:15:00,48705.75,48792.8,48701.25,48755.8,0
2024-05-23 14:20:00,48758.5,48786.75,48737.5,48778.75,0
2024-05-23 14:25:00,48784.1,48819.7,48725.0,48756.65,0
2024-05-23 14:30:00,48753.25,48756.65,48649.25,48678.5,0
2024-05-23 14:35:00,48680.05,48698.45,48621.9,48677.85,0
2024-05-23 14:40:00,48677.75,48744.75,48672.5,48707.05,0
2024-05-23 14:45:00,48710.45,48730.3,48664.05,48669.75,0
2024-05-23 14:50:00,48670.4,48683.35,48607.2,48681.2,0
2024-05-23 14:55:00,48682.0,48682.55,48636.85,48661.65,0
2024-05-23 15:00:00,48662.45,48747.4,48658.55,48741.35,0
2024-05-23 15:05:00,48744.9,48816.65,48734.9,48810.55,0
2024-05-23 15:10:00,48811.15,48829.7,48791.1,48802.2,0
2024-05-23 15:15:00,48804.4,48826.15,48770.2,48785.6,0
2024-05-23 15:20:00,48784.55,48784.8,48749.8,48774.35,0
2024-05-23 15:25:00,48775.65,48779.25,48731.5,48737.05,0
