timestamp,price,signal,MACD,Signal_Line,trend,profit_loss
2024-03-01 10:37:00,22193.5,sell,-0.03854154298096546,0.8906774978143105,down,
2024-03-01 10:53:00,22192.4,buy,0.1584206088737119,-0.6872987039399214,up,1.0999999999985448
2024-03-01 10:59:00,22172.45,sell,-0.6717809459805721,0.1395165629770668,down,-19.950000000000728
2024-03-01 11:09:00,22191.2,buy,0.1470548290271836,-0.3588356170561809,up,-18.75
2024-03-01 12:03:00,22275.85,sell,-0.21151155601182836,1.422534063176431,down,84.64999999999782
2024-03-01 12:14:00,22286.45,buy,0.2042052678843902,-0.16577408535556284,up,-10.600000000002183
2024-03-01 12:21:00,22288.0,buy,0.18665805849741446,-0.13834189333067706,up,-1.5499999999992724
2024-03-01 12:48:00,22288.9,sell,-0.09095060122490395,1.101789657153328,down,0.9000000000014552
2024-03-01 13:11:00,22291.0,sell,-0.644737864498893,0.37360209003718314,down,2.099999999998545
2024-03-01 13:21:00,22307.55,buy,0.09926870596973458,-0.9818609366203067,up,-16.549999999999272
2024-03-01 13:43:00,22304.5,sell,-0.014447628764173714,0.7974491308137422,down,-3.0499999999992724
2024-03-01 14:35:00,22321.75,sell,-0.19875594769473537,0.3792417880168034,down,17.25
2024-03-01 14:43:00,22331.8,buy,0.15870372921563103,-0.2590285485819986,up,-10.049999999999272
2024-03-01 15:14:00,22329.1,sell,-0.4206369978383009,0.7364156570160876,down,-2.7000000000007276
2024-03-02 09:15:00,22394.55,buy,2.4068323727296956,-0.5695430764638829,up,-65.45000000000073
2024-03-02 09:52:00,22392.75,sell,-0.15550136502861278,1.2759632421009208,down,-1.7999999999992724
2024-03-02 09:56:00,22397.15,sell,-0.07673151482595131,0.5160690730372122,down,4.400000000001455
2024-03-02 11:32:00,22399.55,buy,0.011540054252691334,-0.03194305194410226,up,-2.399999999997817
2024-03-02 11:33:00,22394.25,sell,-0.18743775614348124,-0.06304199278397807,down,-5.299999999999272
2024-03-02 11:38:00,22399.45,buy,0.10827802273706766,-0.09527292539911997,up,-5.200000000000728
2024-03-02 11:39:00,22392.8,sell,-0.17639185450025252,-0.11149671121934648,down,-6.650000000001455
2024-03-02 11:41:00,22397.75,buy,0.01417465435952181,-0.0741430790821057,up,-4.950000000000728
2024-03-02 11:43:00,22394.8,sell,-0.09757401948445477,-0.05889713030884202,down,-2.9500000000007276
2024-03-04 09:15:00,22400.5,buy,0.9602329244771681,0.005589785906030403,up,-5.700000000000728
2024-03-04 09:29:00,22381.05,sell,-0.33414374279163894,1.854877423432086,down,-19.450000000000728
2024-03-04 10:02:00,22385.5,buy,0.2586572648069705,-0.7516259164336585,up,-4.450000000000728
2024-03-04 10:47:00,22418.45,sell,-0.22193353387410752,1.0061175956749198,down,32.95000000000073
2024-03-04 11:14:00,22404.55,buy,0.47048081750108395,-1.015834357478821,up,13.900000000001455
2024-03-04 11:29:00,22392.75,sell,-0.29385316400657757,0.3101615187887052,down,-11.799999999999272
2024-03-04 11:37:00,22407.5,buy,0.15146806657867273,-0.16747638133755777,up,-14.75
2024-03-04 11:55:00,22401.5,sell,-0.11355918037952506,0.905881690362871,down,-6.0
2024-03-04 12:14:00,22403.3,buy,0.07791823257502983,-0.23501612341815767,up,-1.7999999999992724
2024-03-04 12:42:00,22409.75,sell,-0.3270335911947768,0.5725752934027224,down,6.450000000000728
2024-03-04 13:02:00,22400.65,buy,0.1747697033752047,-1.4282245710650956,up,9.099999999998545
2024-03-04 13:26:00,22402.0,sell,-0.04759764091068064,0.612858307228264,down,1.3499999999985448
2024-03-04 13:36:00,22408.55,buy,0.15602794034202816,-0.04118020600198767,up,-6.549999999999272
2024-03-04 13:45:00,22402.25,sell,-0.12607744388878928,0.09880353984243967,down,-6.299999999999272
2024-03-04 14:06:00,22406.3,buy,0.2712420172756538,-0.8244543877737907,up,-4.049999999999272
2024-03-04 14:32:00,22419.5,sell,-0.11004457185117644,0.5821759058326375,down,13.200000000000728
2024-03-04 14:52:00,22414.6,buy,0.11059080887571326,-0.47917631991825776,up,4.900000000001455
2024-03-04 14:56:00,22404.4,sell,-0.2099897497719212,-0.13320589521075232,down,-10.19999999999709
2024-03-04 15:00:00,22414.85,buy,0.1839436013942759,-0.058697425275989513,up,-10.44999999999709
2024-03-04 15:13:00,22408.1,sell,-0.43049539277126314,0.43565865112288954,down,-6.75
2024-03-04 15:27:00,22409.75,buy,0.3812690207232663,-1.2243893254037663,up,-1.6500000000014552
2024-03-05 09:41:00,22376.05,buy,0.08677955534949433,-0.554040633966314,up,33.70000000000073
2024-03-05 09:47:00,22362.15,sell,-0.4413386248234019,-0.046873136137261594,down,-13.899999999997817
2024-03-05 10:40:00,22310.0,buy,0.42708579102691147,-1.4288198171993973,up,52.150000000001455
2024-03-05 10:50:00,22298.2,sell,-0.13890805175105925,0.37061704975549714,down,-11.799999999999272
2024-03-05 10:56:00,22305.95,buy,0.06688839510388789,-0.1512796803018704,up,-7.75
2024-03-05 11:04:00,22298.4,sell,-0.1252855770289898,0.3672328760862874,down,-7.549999999999272
2024-03-05 11:29:00,22295.05,buy,0.5278779795698938,-0.8196502642438082,up,3.350000000002183
2024-03-05 12:16:00,22334.1,sell,-0.22755420117027825,0.9278941297654388,down,39.04999999999927
2024-03-05 12:39:00,22332.0,buy,0.30654941393004265,-1.0369184287748043,up,2.099999999998545
2024-03-05 13:18:00,22380.9,sell,-0.11115437292392016,0.9365412671359183,down,48.900000000001455
2024-03-05 13:23:00,22393.15,buy,0.2545122013762011,0.18758220390659391,up,-12.25
2024-03-05 13:41:00,22392.75,sell,-0.18541717082916875,0.5701653760847682,down,-0.4000000000014552
2024-03-05 14:20:00,22364.25,buy,0.05547785960516194,-0.6188946649820671,up,28.5
2024-03-05 14:29:00,22346.35,sell,-0.4740908307940117,0.8880370888676247,down,-17.900000000001455
2024-03-05 14:38:00,22372.15,buy,0.40715140953761875,-0.05520253097647938,up,-25.80000000000291
2024-03-05 15:00:00,22371.3,sell,-0.026474796075490303,0.3478451270016666,down,-0.8500000000021828
2024-03-05 15:02:00,22367.65,sell,-0.23859957017702982,0.1906626774193439,down,-3.649999999997817
2024-03-05 15:26:00,22360.5,buy,0.15749681876332033,-0.8280317493875553,up,7.150000000001455
2024-03-05 15:29:00,22358.5,buy,0.19380411235033534,-0.3482103236660221,up,2.0
2024-03-06 09:15:00,22302.35,sell,-2.878972161659476,-0.8543626912647129,down,-56.150000000001455
2024-03-06 09:30:00,22330.8,buy,0.033314917327516014,-1.3673440239931396,up,-28.450000000000728
2024-03-06 09:42:00,22347.2,buy,1.1064945093930874,-1.4617220700009639,up,-16.400000000001455
2024-03-06 09:54:00,22310.1,sell,-0.9682659550453536,1.4736234937414063,down,-37.10000000000218
2024-03-06 10:11:00,22310.8,buy,0.20053384912171168,-3.680034365562452,up,-0.7000000000007276
2024-03-06 10:25:00,22295.1,sell,-0.2144829629905871,2.3864285812610784,down,-15.700000000000728
2024-03-06 10:44:00,22311.1,buy,0.773957443449035,-0.8775047602772652,up,-16.0
2024-03-06 10:48:00,22286.8,sell,-0.017068164099327987,-0.006703003174743261,down,-24.299999999999272
2024-03-06 11:02:00,22304.65,buy,0.4918508636583283,-1.0300804389465639,up,-17.850000000002183
2024-03-06 11:07:00,22273.35,sell,-0.6141586297453614,-0.08366500083514769,down,-31.30000000000291
2024-03-06 11:27:00,22284.95,buy,0.42336488034561626,-0.5808478782975314,up,-11.600000000002183
2024-03-06 11:34:00,22261.0,sell,-0.7352534464807832,0.6258579764871744,down,-23.950000000000728
2024-03-06 11:54:00,22256.9,buy,0.03533080610941397,-1.227639932268548,up,4.099999999998545
2024-03-06 11:57:00,22256.75,buy,0.17115937717971974,-0.5669673353165143,up,0.1500000000014552
2024-03-06 12:13:00,22252.95,buy,0.22014234329253668,-1.1968180532263137,up,3.7999999999992724
2024-03-06 12:48:00,22273.7,sell,-0.008201761960663134,1.5887985313439212,down,20.75
2024-03-06 12:55:00,22274.8,sell,-0.11879101074737264,0.5021143325296833,down,1.0999999999985448
2024-03-06 13:08:00,22286.3,buy,0.502458549945004,-0.4752732522444709,up,-11.5
2024-03-06 13:30:00,22280.1,sell,-0.19035331439954462,0.4004576082893945,down,-6.200000000000728
2024-03-06 13:36:00,22288.35,buy,0.0441207140138431,-0.20787719087814024,up,-8.25
2024-03-06 14:54:00,22438.95,sell,-0.2868309804580349,2.1264779363780617,down,150.60000000000218
2024-03-06 15:02:00,22450.45,buy,0.04160987152499729,-0.35169679058642583,up,-11.5
2024-03-07 09:31:00,22473.65,sell,-0.5221272290764318,0.4258133716051584,down,23.200000000000728
2024-03-07 10:01:00,22471.9,buy,0.13189296781274606,-0.789642039761115,up,1.75
2024-03-07 10:17:00,22475.65,sell,-0.06904183176811785,1.4036647669278821,down,3.75
2024-03-07 10:28:00,22488.65,buy,0.13025714369723573,-0.276787304213893,up,-13.0
2024-03-07 10:35:00,22477.45,sell,-0.25673930336051853,0.035438885856946066,down,-11.200000000000728
2024-03-07 11:02:00,22475.25,buy,0.671647208626382,-0.5047752637525929,up,2.2000000000007276
2024-03-07 11:41:00,22477.35,sell,-0.8008167874613719,0.5262561870039645,down,2.099999999998545
2024-03-07 11:56:00,22492.0,buy,0.05295085745092365,-0.9290092104220877,up,-14.650000000001455
2024-03-07 12:09:00,22486.15,sell,-0.06905212610945455,0.1301893237816969,down,-5.849999999998545
2024-03-07 12:12:00,22494.8,buy,0.30727982545795385,0.11099732374028315,up,-8.649999999997817
2024-03-07 12:13:00,22485.1,sell,-0.025954135122447042,0.08360703196773712,down,-9.700000000000728
2024-03-07 12:19:00,22491.1,buy,0.09954245528206229,-0.08936257965124317,up,-6.0
2024-03-07 12:25:00,22487.1,sell,-0.008600049630331341,0.1408285068326925,down,-4.0
2024-03-07 12:28:00,22483.8,sell,-0.31055338201258564,0.013304053251399786,down,-3.2999999999992724
2024-03-07 12:37:00,22496.05,buy,0.46686923956804094,-0.46561702170527014,up,-12.25
2024-03-07 13:18:00,22502.9,sell,-0.000272123004833702,0.6746282851158201,down,6.850000000002183
2024-03-07 13:32:00,22507.9,buy,0.27283180242739036,-0.44244784647615837,up,-5.0
2024-03-07 14:02:00,22499.85,sell,-0.42167392418559757,0.5172192184186906,down,-8.05000000000291
2024-03-07 14:17:00,22507.25,buy,0.1298644587441231,-0.5421638111732539,up,-7.400000000001455
2024-03-07 14:36:00,22507.6,sell,-0.15860760200303048,0.5960819639288876,down,0.3499999999985448
2024-03-07 15:00:00,22504.6,buy,0.19214495004780474,-0.7194368953830496,up,3.0
2024-03-07 15:02:00,22483.3,sell,-0.7223059789575927,-0.5871607549401109,down,-21.299999999999272
2024-03-07 15:03:00,22512.85,buy,0.4155784324539127,-0.38661291746130616,up,-29.549999999999272
2024-03-07 15:07:00,22490.8,sell,-0.19409796154286596,0.005189637910795998,down,-22.049999999999272
2024-03-07 15:08:00,22505.95,buy,0.32708010786154773,0.06956773190094635,up,-15.150000000001455
2024-03-07 15:13:00,22490.75,sell,-0.30641984043904813,0.24181282692465245,down,-15.200000000000728
2024-03-07 15:16:00,22496.9,sell,-0.026170674984314246,0.12738666667572843,down,6.150000000001455
2024-03-11 09:16:00,22509.8,buy,0.5280328124754305,-1.003258564102421,up,-12.899999999997817
2024-03-11 09:22:00,22484.4,sell,-0.32426341949030757,0.07881450694534352,down,-25.399999999997817
2024-03-11 09:31:00,22495.7,buy,0.13552539573356626,-0.26558538139936044,up,-11.299999999999272
2024-03-11 09:33:00,22484.05,sell,-0.20142434669469367,-0.18763121725972196,down,-11.650000000001455
2024-03-11 09:49:00,22480.75,buy,0.23191049552042386,-0.9635515670370493,up,3.2999999999992724
2024-03-11 09:58:00,22472.25,sell,-0.3373231239638699,0.10950690415771998,down,-8.5
2024-03-11 10:22:00,22452.3,buy,0.11325210682116449,-1.4843417286101683,up,19.950000000000728
2024-03-11 10:30:00,22445.05,sell,-0.14889656375453342,0.16944299742429464,down,-7.25
2024-03-11 10:56:00,22438.9,buy,0.13423959075589664,-1.4038453735577838,up,6.149999999997817
2024-03-11 11:04:00,22431.05,sell,-0.2610404194165312,0.036733835066053266,down,-7.850000000002183
2024-03-11 11:31:00,22426.5,buy,0.06087740651491913,-1.0337122252796664,up,4.549999999999272
2024-03-11 11:44:00,22420.55,sell,-0.25914730717704515,0.7781739690889028,down,-5.950000000000728
2024-03-11 12:27:00,22387.5,buy,0.12595929752569646,-0.8581474224507895,up,33.04999999999927
2024-03-11 12:33:00,22394.7,buy,0.600725516469538,-0.19779276514179145,up,-7.200000000000728
2024-03-11 13:03:00,22405.85,sell,-0.11615336562681478,0.658572499330887,down,11.149999999997817
2024-03-11 13:22:00,22405.25,buy,0.3701852067752043,-0.7686483766697239,up,0.5999999999985448
2024-03-11 13:39:00,22400.2,sell,-0.5943114468027488,0.753931342409847,down,-5.049999999999272
2024-03-11 13:51:00,22410.25,buy,0.23123949605724192,-0.6539964684084565,up,-10.049999999999272
2024-03-11 14:01:00,22397.4,sell,-0.6333404952383717,0.2494443444508787,down,-12.849999999998545
2024-03-11 14:33:00,22376.35,buy,0.12840482593310298,-1.9904814687705084,up,21.05000000000291
2024-03-11 15:00:00,22380.1,sell,-0.13012413625619956,1.2295379281925816,down,3.75
2024-03-12 09:16:00,22341.7,buy,0.8064820834370039,-1.4419184661610562,up,38.39999999999782
2024-03-12 09:28:00,22334.15,sell,-0.2844416126681608,1.6087000897077255,down,-7.549999999999272
2024-03-12 09:33:00,22381.05,buy,0.46377856620893,-0.3553961127137193,up,-46.89999999999782
2024-03-12 10:23:00,22433.65,sell,-0.10284293521544896,0.9845676263662002,down,52.60000000000218
2024-03-12 10:29:00,22434.75,sell,-0.1887214374037285,0.3559646656279321,down,1.0999999999985448
2024-03-12 11:01:00,22346.3,buy,0.5069658314569097,-4.533728289248344,up,88.45000000000073
2024-03-12 11:28:00,22348.05,sell,-0.4088267549450393,1.1970628170565907,down,1.75
2024-03-12 11:54:00,22344.0,buy,0.324914858872944,-0.8614738323906175,up,4.049999999999272
2024-03-12 11:58:00,22330.35,sell,-0.39572177345326054,-0.39432286000432315,down,-13.650000000001455
2024-03-12 12:08:00,22339.3,buy,0.13274770679709036,-0.9973835562033313,up,-8.950000000000728
2024-03-12 12:40:00,22369.3,sell,-0.02604103012708947,0.8758157393350425,down,30.0
2024-03-12 12:43:00,22371.2,sell,-0.09351480887562502,0.43613761282007374,down,1.9000000000014552
2024-03-12 12:48:00,22370.05,sell,-0.09812908623644034,0.28405816652565313,down,-1.1500000000014552
2024-03-12 13:11:00,22363.65,buy,0.3682196722693334,-1.2322350804567086,up,6.399999999997817
2024-03-12 13:52:00,22378.15,sell,-0.31232116694081924,0.2107544628018462,down,14.5
2024-03-12 13:57:00,22388.7,buy,0.1051819429412717,-0.09039626957003438,up,-10.549999999999272
2024-03-12 13:59:00,22379.15,sell,-0.17519951522263,-0.06256969874801964,down,-9.549999999999272
2024-03-12 14:02:00,22389.1,buy,0.06669658076498308,-0.13340067342940093,up,-9.94999999999709
2024-03-12 14:10:00,22376.2,sell,-0.3071569236817595,0.3535220375602801,down,-12.899999999997817
2024-03-12 14:49:00,22331.4,buy,0.12371914058894617,-1.2755788410915812,up,44.79999999999927
2024-03-12 14:55:00,22332.55,buy,0.09168267284985632,-0.37208322812759925,up,-1.1499999999978172
2024-03-12 15:01:00,22354.0,buy,0.9927452541196544,-0.3741183900585934,up,-21.450000000000728
2024-03-12 15:12:00,22325.95,sell,-0.36636654060203,1.0686241461226131,down,-28.049999999999272
2024-03-12 15:24:00,22335.95,buy,0.07315737818862544,-0.19350612239319345,up,-10.0
2024-03-13 09:29:00,22345.7,sell,-1.3562416113527433,1.985200246068082,down,9.75
2024-03-13 10:11:00,22296.05,buy,0.053307120586396195,-2.2041992012198226,up,49.650000000001455
2024-03-13 10:25:00,22293.75,sell,-0.34209263396041933,1.12496503329083,down,-2.2999999999992724
2024-03-13 10:37:00,22308.6,buy,0.5454396441855351,-0.8733838753716316,up,-14.849999999998545
2024-03-13 10:50:00,22294.85,sell,-0.10377406094630715,0.9174836339646782,down,-13.75
2024-03-13 12:07:00,22130.15,buy,0.28390631153888535,-1.765551286803332,up,164.6999999999971
2024-03-13 12:34:00,22100.45,buy,1.363725829305622,-1.6288226712636142,up,29.700000000000728
2024-03-13 12:53:00,22085.9,sell,-0.5044766354294552,0.8231911109174674,down,-14.549999999999272
2024-03-13 12:55:00,22110.25,buy,0.6338589236183907,0.6016902973002861,up,-24.349999999998545
2024-03-13 13:13:00,22097.85,sell,-0.6377598553299322,1.1137428154360507,down,-12.400000000001455
2024-03-13 13:30:00,22112.1,buy,0.5652265749486105,-2.3966129151282827,up,-14.25
2024-03-13 14:04:00,22056.4,buy,0.22444720588100608,-1.2561180053939798,up,55.69999999999709
2024-03-13 14:48:00,21968.25,buy,1.0764875642453262,-3.1823605517382854,up,88.15000000000146
2024-03-13 14:57:00,21942.05,sell,-0.00937863487706636,1.1614780768999866,down,-26.200000000000728
2024-03-13 15:00:00,21987.35,buy,1.9360100945123122,0.8862403944646091,up,-45.29999999999927
2024-03-13 15:14:00,21969.85,sell,-0.9961980521693476,4.024400456272548,down,-17.5
2024-03-14 09:25:00,21994.8,buy,0.9560668462800095,-2.753654820661192,up,-24.950000000000728
2024-03-14 09:51:00,21978.2,sell,-1.0068389727530302,1.0008157996946316,down,-16.599999999998545
2024-03-14 09:57:00,22019.9,buy,1.2043569047018536,-0.12076159435887412,up,-41.70000000000073
2024-03-14 10:14:00,22010.75,sell,-0.3794787229526264,1.7586072171259635,down,-9.150000000001455
2024-03-14 10:23:00,22028.05,buy,0.4936432171743945,-0.28172068842538683,up,-17.299999999999272
2024-03-14 10:32:00,22017.85,sell,-0.12971913253932144,0.622827050283725,down,-10.200000000000728
2024-03-14 10:34:00,22047.4,buy,1.230991456148331,0.6116253738503339,up,-29.55000000000291
2024-03-14 11:05:00,22070.55,sell,-0.3159269172392669,1.7401826942220526,down,23.149999999997817
2024-03-14 11:16:00,22078.7,sell,-0.15577347373618977,0.19622561627436835,down,8.150000000001455
2024-03-14 11:29:00,22081.25,buy,0.14877362346669543,-0.2740256552020186,up,-2.5499999999992724
2024-03-14 12:13:00,22164.85,sell,-0.07767016231809976,0.928103851846638,down,83.59999999999854
2024-03-14 12:37:00,22177.8,sell,-0.38593399544333806,1.3581661444612658,down,12.950000000000728
2024-03-14 13:00:00,22160.65,buy,0.3308999895962188,-1.8296409564235652,up,17.149999999997817
2024-03-14 13:10:00,22149.45,sell,-0.48573312139706104,0.8657541164030776,down,-11.200000000000728
2024-03-14 13:25:00,22161.85,buy,0.2672379469804582,-0.11529579099072776,up,-12.399999999997817
2024-03-14 13:33:00,22146.65,sell,-0.5110863819754741,0.2785019725697053,down,-15.19999999999709
2024-03-14 14:16:00,22120.05,buy,0.455982379422494,-1.3576714948080966,up,26.600000000002183
2024-03-14 14:44:00,22111.95,sell,-0.5830610094999429,1.059714983783505,down,-8.099999999998545
2024-03-14 14:59:00,22126.85,buy,0.22902781071752543,-0.9672697160079252,up,-14.899999999997817
2024-03-14 15:26:00,22142.35,sell,-0.0010683744621928781,1.3814873691744827,down,15.5
2024-03-15 10:14:00,22013.1,buy,0.35308140098277363,-1.2319782287578234,up,129.25
2024-03-15 10:19:00,21990.8,sell,-0.8125474259577459,-0.25452591652507384,down,-22.299999999999272
2024-03-15 10:45:00,21982.95,buy,0.4103336673724698,-1.4086789710948482,up,7.849999999998545
2024-03-15 10:58:00,21971.6,sell,-0.48960627285850933,1.1699610213772564,down,-11.350000000002183
2024-03-15 11:19:00,21964.4,buy,0.09107221807789756,-1.4805962765908969,up,7.19999999999709
2024-03-15 11:30:00,21962.85,buy,0.3514887289238686,-0.4900666599659706,up,1.5500000000029104
2024-03-15 11:55:00,21963.9,sell,-0.22989503478311235,1.1249993729591325,down,1.0500000000029104
2024-03-15 12:32:00,21948.5,buy,0.0013856122131983284,-0.4311340117037684,up,15.400000000001455
2024-03-15 12:36:00,21951.05,buy,0.14983971144465613,-0.21595516661315628,up,-2.5499999999992724
2024-03-15 13:30:00,21976.5,sell,-0.33999630777543643,0.39389460801242804,down,25.450000000000728
2024-03-15 13:58:00,21999.9,sell,-0.2650155947667372,2.1994040790935534,down,23.400000000001455
2024-03-15 14:09:00,22027.65,buy,0.3375524222610693,0.0012836401849620344,up,-27.75
2024-03-15 14:14:00,22010.55,sell,-0.3505281593170366,0.17834961953096684,down,-17.100000000002183
2024-03-15 14:39:00,22010.05,buy,0.7908843315781269,-1.2786387771926118,up,0.5
2024-03-15 15:08:00,22009.4,sell,-0.6945561311331403,0.7812694902432578,down,-0.6499999999978172
2024-03-15 15:17:00,22036.7,buy,0.22864498571652803,-0.9127424873373947,up,-27.299999999999272
2024-03-15 15:27:00,22000.3,sell,-1.264986304409831,0.46660651548214066,down,-36.400000000001455
2024-03-18 09:24:00,22015.75,buy,0.1510224724515865,-1.58289942191951,up,-15.450000000000728
2024-03-18 09:33:00,21994.65,sell,-0.2767377192831191,1.556767325146105,down,-21.099999999998545
2024-03-18 09:53:00,21983.7,buy,0.24361133827551384,-2.657651170752536,up,10.950000000000728
2024-03-18 10:09:00,21975.7,sell,-0.6434419492288725,2.2796443542332545,down,-8.0
2024-03-18 10:17:00,22027.15,buy,1.6833591893009725,-0.6143529830708641,up,-51.45000000000073
2024-03-18 10:36:00,21998.2,sell,-1.0008163561178662,1.1027950106517277,down,-28.950000000000728
2024-03-18 11:01:00,22009.0,buy,0.05616638471474289,-0.8092005241402903,up,-10.799999999999272
2024-03-18 11:37:00,21981.85,buy,0.018043270501948427,-0.9834536704118799,up,27.150000000001455
2024-03-18 11:59:00,21986.45,sell,-0.05960859079641523,1.1984566422937803,down,4.600000000002183
2024-03-18 12:02:00,22019.15,buy,1.3384735222898598,0.7557089824648954,up,-32.70000000000073
2024-03-18 12:42:00,22061.75,sell,-0.3618243294840795,1.1644740313997017,down,42.599999999998545
2024-03-18 12:57:00,22068.45,buy,0.4446599343427806,-0.8468581038471348,up,-6.700000000000728
2024-03-18 13:22:00,22066.4,sell,-0.049821946613519685,0.6708864005968883,down,-2.0499999999992724
2024-03-18 13:25:00,22066.15,sell,-0.026388687067083083,0.35497875521824057,down,-0.25
2024-03-18 13:37:00,22062.6,sell,-0.11788163144956343,0.5453666207644712,down,-3.5500000000029104
2024-03-18 13:56:00,22077.65,buy,0.9052657215179352,-0.7034819751186998,up,-15.05000000000291
2024-03-18 14:13:00,22058.05,sell,-0.39868331495381426,0.5262425187131681,down,-19.600000000002183
2024-03-18 14:19:00,22074.1,buy,0.10443306984234368,-0.09258328800853582,up,-16.049999999999272
2024-03-18 14:45:00,22100.35,sell,-0.46158656154875644,1.1333994154103744,down,26.25
2024-03-19 09:43:00,21961.75,buy,0.5937393030108069,-1.5305266634198678,up,138.59999999999854
2024-03-19 09:51:00,21936.95,sell,-0.4986204779233958,0.38009373213224645,down,-24.799999999999272
2024-03-19 10:34:00,21879.5,buy,0.015927184704196407,-2.116061238627884,up,57.45000000000073
2024-03-19 10:48:00,21865.15,sell,-0.1390563477834803,0.3749826244400649,down,-14.349999999998545
2024-03-19 11:15:00,21863.7,buy,0.27595850405487,-0.9053840938959485,up,1.4500000000007276
2024-03-19 11:31:00,21855.9,sell,-0.31396786197365145,0.6047991145277608,down,-7.799999999999272
2024-03-19 11:55:00,21834.95,buy,0.15924547430404346,-1.6457798706562687,up,20.950000000000728
2024-03-19 12:13:00,21831.5,buy,0.210449281061301,-0.5094978455873734,up,3.4500000000007276
2024-03-19 12:44:00,21846.5,sell,-0.06777232062449912,0.8978756755557087,down,15.0
2024-03-19 12:48:00,21859.35,buy,0.3881819522830483,0.3674255467001112,up,-12.849999999998545
2024-03-19 13:03:00,21842.15,sell,-0.38489309436408803,0.5147783332212504,down,-17.19999999999709
2024-03-19 13:07:00,21868.15,buy,0.49081422235030914,0.06894720925390982,up,-26.0
2024-03-19 13:15:00,21855.05,sell,-0.11744683652068488,0.36466309640282013,down,-13.100000000002183
2024-03-19 13:33:00,21863.35,buy,0.5330404881096911,-0.29831431321451535,up,-8.299999999999272
2024-03-19 13:55:00,21853.05,sell,-0.42057936023775255,0.28287545854252477,down,-10.299999999999272
2024-03-19 14:25:00,21832.1,buy,0.7470430421526544,-1.467383378448001,up,20.950000000000728
2024-03-19 14:58:00,21839.85,sell,-0.01668978234010865,0.5930190244280096,down,7.75
2024-03-20 09:15:00,21877.95,buy,3.3907890315749682,-0.12054763291025805,up,-38.10000000000218
2024-03-20 09:31:00,21836.25,sell,-1.2569962363122613,2.947144382952244,down,-41.70000000000073
2024-03-20 09:36:00,21875.55,buy,0.7898926888119604,0.7296101402393387,up,-39.29999999999927
2024-03-20 09:46:00,21865.65,sell,-0.047233334717020625,0.9969378560881035,down,-9.899999999997817
2024-03-20 09:50:00,21877.6,buy,0.4951057056168793,0.4055970911506597,up,-11.94999999999709
2024-03-20 09:53:00,21856.35,sell,-0.6384500361491519,0.12583281858321754,down,-21.25
2024-03-20 10:56:00,21755.3,buy,0.22311757323768688,-2.714586701808564,up,101.04999999999927
2024-03-20 11:23:00,21769.3,sell,-0.6849386202338792,0.7741161303150208,down,14.0
2024-03-20 11:29:00,21791.35,buy,0.08486643111973535,-0.4980899914569496,up,-22.049999999999272
2024-03-20 12:06:00,21833.8,sell,-0.6111401871385169,1.2309216327615895,down,42.45000000000073
2024-03-20 12:16:00,21853.55,buy,0.023513036368967732,-0.8886384241181059,up,-19.75
2024-03-20 12:58:00,21866.95,sell,-0.377794486044877,0.8973063183071792,down,13.400000000001455
2024-03-20 13:06:00,21880.5,buy,0.3222979666752508,-0.27261545182844316,up,-13.549999999999272
2024-03-20 13:31:00,21887.3,sell,-1.046875174761226,1.6522666395413415,down,6.799999999999272
2024-03-20 13:45:00,21903.05,buy,0.24446043916759663,-1.2517507339831686,up,-15.75
2024-03-20 14:18:00,21875.4,buy,0.9399980683811009,-1.2190122782019883,up,27.649999999997817
2024-03-20 14:44:00,21849.45,buy,0.7492058898897085,-0.8736131401211965,up,25.950000000000728
2024-03-20 14:55:00,21827.9,sell,-0.7422444943222217,0.24158746367123912,down,-21.549999999999272
2024-03-20 15:11:00,21837.6,buy,0.026201865228358656,-0.7985198982314753,up,-9.69999999999709
2024-03-21 09:50:00,21996.95,sell,-0.3118553894746583,1.1167598194107624,down,159.35000000000218
2024-03-21 10:29:00,22050.7,sell,-0.2168633863038849,1.2583365256657804,down,53.75
2024-03-21 10:44:00,22051.6,sell,-0.3703301153436769,0.2033383942982382,down,0.8999999999978172
2024-03-21 10:48:00,22065.15,buy,0.3124313345324481,-0.0013508877942239872,up,-13.55000000000291
2024-03-21 10:56:00,22056.9,sell,-0.04541578656062484,0.12532685397131219,down,-8.25
2024-03-21 11:00:00,22063.15,buy,0.18742391914565815,0.022484903419417803,up,-6.25
2024-03-21 11:19:00,22061.75,sell,-0.3775342640183226,0.649763812097732,down,-1.4000000000014552
2024-03-21 12:24:00,21983.0,buy,0.3783617625449551,-1.9756864085707175,up,78.75
2024-03-21 12:33:00,21979.7,buy,0.2879866628754826,-0.8291782416868199,up,3.2999999999992724
2024-03-21 13:15:00,22000.1,sell,-0.007339545107242884,0.5567614183547538,down,20.399999999997817
2024-03-21 13:26:00,22005.35,buy,0.08432980842917459,-0.15690055840785957,up,-5.25
2024-03-21 13:47:00,22009.5,sell,-0.07507391511535388,1.0116448123972275,down,4.150000000001455
2024-03-21 14:05:00,22005.9,buy,0.0603580607821641,-0.7748053436438185,up,3.599999999998545
2024-03-21 14:17:00,22003.25,buy,0.019973647886217805,-0.43731478477165003,up,2.650000000001455
2024-03-21 14:48:00,22010.6,sell,-0.2715909275248123,1.1174914898106072,down,7.349999999998545
2024-03-21 15:09:00,22016.3,buy,0.8125139002549986,-1.2434306707956782,up,-5.700000000000728
2024-03-22 09:15:00,21967.95,sell,-2.9334451347494905,0.3802151579657309,down,-48.349999999998545
2024-03-22 09:37:00,21956.95,buy,0.0913697829200828,-5.50624529106693,up,11.0
2024-03-22 09:46:00,21923.95,sell,-0.5841584781228448,0.9279837258130379,down,-33.0
2024-03-22 10:44:00,22036.45,sell,-0.4686370804156468,1.1493716673060874,down,112.5
2024-03-22 10:54:00,22055.25,buy,0.22995205401457497,-0.8056507623578139,up,-18.799999999999272
2024-03-22 10:58:00,22036.7,sell,-0.1851205965394911,-0.027650882568361602,down,-18.549999999999272
2024-03-22 11:03:00,22057.8,buy,0.5905739090267161,-0.1600494523628727,up,-21.099999999998545
2024-03-22 12:04:00,22086.05,sell,-0.05666169314645231,0.83763589885516,down,28.25
2024-03-22 12:26:00,22084.75,buy,0.40776893752627075,-1.031528779255666,up,1.2999999999992724
2024-03-22 12:37:00,22078.5,sell,-0.06006517365312902,0.40560507361698844,down,-6.25
2024-03-22 12:43:00,22086.5,buy,0.24663408249034546,-0.01051402470825917,up,-8.0
2024-03-22 13:25:00,22102.4,sell,-0.07669466551669757,0.5158998767238999,down,15.900000000001455
2024-03-22 13:30:00,22111.55,buy,0.2816166278280434,0.17061908055832617,up,-9.149999999997817
2024-03-22 13:34:00,22099.55,sell,-0.353876123772352,0.12279145160429822,down,-12.0
2024-03-22 13:53:00,22098.25,buy,0.1361081236973405,-0.7609513786041933,up,1.2999999999992724
2024-03-22 14:02:00,22092.15,sell,-0.0022269907931331545,0.30393546153735607,down,-6.099999999998545
2024-03-22 14:57:00,22140.2,sell,-0.3553783713687153,0.9411622983532568,down,48.04999999999927
2024-03-26 09:54:00,22045.75,buy,0.1711309449019609,-1.7781768182186473,up,94.45000000000073
2024-03-26 10:03:00,22019.25,sell,-0.4420859602141718,0.34233554095015534,down,-26.5
2024-03-26 10:28:00,22027.4,buy,0.3678293300581572,-0.3889486495671993,up,-8.150000000001455
2024-03-26 10:40:00,22026.6,sell,-0.2236681508475158,1.2737055175842338,down,-0.8000000000029104
2024-03-26 10:50:00,22041.2,buy,0.2676979137286253,-0.4862860151985075,up,-14.600000000002183
2024-03-26 11:01:00,22029.7,sell,-0.04169556241686223,0.22291809431831072,down,-11.5
2024-03-26 11:04:00,22043.25,buy,0.47232656872438383,0.15203482333522395,up,-13.549999999999272
2024-03-26 11:15:00,22031.7,sell,-0.02917733627691632,0.33483376415156324,down,-11.549999999999272
2024-03-26 11:40:00,22042.65,sell,-0.2484032046777429,0.7462944473145032,down,10.950000000000728
2024-03-26 11:58:00,22052.0,sell,-0.15626535365663585,0.5290777061062014,down,9.349999999998545
2024-03-26 12:05:00,22050.95,sell,-8.119961421471089e-06,0.30550041174522413,down,-1.0499999999992724
2024-03-26 12:24:00,22048.4,buy,0.20658185516731464,-1.0541755540883595,up,2.5499999999992724
2024-03-26 12:36:00,22041.8,sell,-0.24638588375455583,0.4021472025107563,down,-6.600000000002183
2024-03-26 12:41:00,22049.75,buy,0.13658019776266883,0.005559984010008172,up,-7.950000000000728
2024-03-26 13:05:00,22052.3,sell,-0.001065416814526543,0.8126046545212502,down,2.5499999999992724
2024-03-26 13:10:00,22063.6,buy,0.3037152093857003,0.2040818973049598,up,-11.299999999999272
2024-03-26 13:23:00,22057.1,sell,-0.146784397198644,0.161709970048769,down,-6.5
2024-03-26 13:58:00,22051.45,buy,0.5625045386477723,-0.5195917461509789,up,5.649999999997817
2024-03-26 14:14:00,22044.75,sell,-0.16975008387453272,0.4436001548029966,down,-6.700000000000728
2024-03-26 14:28:00,22048.45,buy,0.2653073131732526,-0.24869403610302618,up,-3.7000000000007276
2024-03-26 14:32:00,22037.75,sell,-0.22002434225942125,-0.05715958537187886,down,-10.700000000000728
2024-03-26 15:09:00,22012.55,buy,0.44955542507523205,-0.5017910489788234,up,25.200000000000728
2024-03-26 15:16:00,21999.95,sell,-0.27936048400442814,-0.04270932263822713,down,-12.599999999998545
2024-03-26 15:23:00,22011.75,buy,0.3447995169517526,-0.24885028818751803,up,-11.799999999999272
2024-03-27 10:28:00,22147.15,sell,-0.09819230126959155,0.6632932971465597,down,135.40000000000146
2024-03-27 10:35:00,22157.7,buy,0.3446384451199265,-0.278687447132563,up,-10.549999999999272
2024-03-27 10:49:00,22145.65,sell,-0.010403904278064147,0.6493760786706283,down,-12.049999999999272
2024-03-27 11:00:00,22153.15,buy,0.1614818503476272,-0.3941454673395494,up,-7.5
2024-03-27 11:11:00,22148.55,sell,-0.0711158907324716,1.1445891000461064,down,-4.600000000002183
2024-03-27 11:16:00,22165.1,buy,0.4207573720123037,0.2587007565916266,up,-16.549999999999272
2024-03-27 11:34:00,22160.1,sell,-0.0662338563852245,0.43235840014906635,down,-5.0
2024-03-27 11:39:00,22171.65,buy,0.4257190861462732,0.06188730443184838,up,-11.55000000000291
2024-03-27 12:03:00,22169.0,sell,-0.2639790199100389,0.371718683528377,down,-2.650000000001455
2024-03-27 12:19:00,22172.85,buy,0.30046713110641576,-0.5014985705156347,up,-3.849999999998545
2024-03-27 12:24:00,22166.55,sell,-0.04247726332687307,-0.02765415788571301,down,-6.299999999999272
2024-03-27 12:40:00,22164.0,buy,0.06635484977960004,-0.46761275479148745,up,2.5499999999992724
2024-03-27 12:45:00,22159.0,sell,-0.06084153810661519,-0.023204591512481734,down,-5.0
2024-03-27 12:52:00,22163.35,buy,0.005309187781676883,-0.21730018794732003,up,-4.349999999998545
2024-03-27 12:54:00,22163.0,buy,0.08393674995022593,-0.127070406833948,up,0.3499999999985448
2024-03-27 13:05:00,22160.75,sell,-0.11059877947991481,0.540234830886972,down,-2.25
2024-03-27 13:16:00,22165.25,buy,0.11244705206627259,-0.7191219797676186,up,-4.5
2024-03-27 13:58:00,22174.05,sell,-0.09897152457415359,0.7664768238545943,down,8.799999999999272
2024-03-27 14:05:00,22184.2,buy,0.1404283946249052,0.09266932657228447,up,-10.150000000001455
2024-03-27 14:22:00,22180.4,sell,-0.224356003345747,0.31316771584022907,down,-3.7999999999992724
2024-03-27 15:19:00,22138.65,buy,0.9115814816868806,-2.1140220758772097,up,41.75
2024-03-28 10:26:00,22291.0,sell,-0.871802584217221,0.82581453738921,down,152.34999999999854
2024-03-28 10:37:00,22338.55,buy,1.9733653469847923,-0.8289103805444269,up,-47.54999999999927
2024-03-28 11:16:00,22346.4,sell,-0.10146600372536341,1.0248664197170554,down,7.850000000002183
2024-03-28 11:23:00,22358.2,buy,0.014407251688680844,-0.043836107239844754,up,-11.799999999999272
2024-03-28 11:35:00,22355.1,sell,-0.15888940864169854,0.5228384757535633,down,-3.100000000002183
2024-03-28 11:41:00,22365.85,buy,0.16927360431509442,-0.009133573536906518,up,-10.75
2024-03-28 11:48:00,22360.05,sell,-0.0009144653522525914,0.14344023247386653,down,-5.799999999999272
2024-03-28 11:50:00,22364.45,buy,0.1448042305346462,0.11730383875337945,up,-4.400000000001455
2024-03-28 11:55:00,22338.05,sell,-1.1623918318327924,0.056611581124764665,down,-26.400000000001455
2024-03-28 12:22:00,22350.7,buy,0.8710758315573912,-0.6165364133214516,up,-12.650000000001455
2024-03-28 12:59:00,22403.8,sell,-0.05312579473684309,2.1235457015944985,down,53.099999999998545
2024-03-28 13:09:00,22411.0,buy,0.037765365315863164,-0.24688567302426176,up,-7.200000000000728
2024-03-28 13:16:00,22412.9,buy,0.1565403519089159,-0.2600616545279184,up,-1.9000000000014552
2024-03-28 13:42:00,22413.85,sell,-0.28655507407165715,0.5448511085827391,down,0.9499999999970896
2024-03-28 13:50:00,22421.5,buy,0.11644221182723413,-0.06511623141176448,up,-7.650000000001455
2024-03-28 14:48:00,22472.25,sell,-1.0927381535475433,1.3619537436759261,down,50.75
2024-03-28 15:26:00,22326.85,buy,1.0509692234481918,-4.729550348460152,up,145.40000000000146
2024-04-01 09:43:00,22471.55,sell,-1.0298074006022944,3.600661592637064,down,144.70000000000073
2024-04-01 09:53:00,22505.0,buy,0.3229474181753176,-0.38154523929573547,up,-33.45000000000073
2024-04-01 10:06:00,22498.05,sell,-0.10032351318295696,1.4433818427630165,down,-6.950000000000728
2024-04-01 10:17:00,22508.2,buy,0.14480856988666346,-0.10119517601826178,up,-10.150000000001455
2024-04-01 10:20:00,22502.0,sell,-0.008411492552113486,0.020333344559834644,down,-6.200000000000728
2024-04-01 10:23:00,22511.2,buy,0.07643864598139771,-0.10179521064882793,up,-9.200000000000728
2024-04-01 10:28:00,22499.4,sell,-0.32714405579827144,-0.042963030419543115,down,-11.799999999999272
2024-04-01 11:15:00,22484.8,buy,0.7772755162040994,-1.1638134918976264,up,14.600000000002183
2024-04-01 11:33:00,22476.05,sell,-0.26863347467951826,0.42368582143036604,down,-8.75
2024-04-01 11:53:00,22474.8,buy,0.1477195197621768,-0.6253991809368129,up,1.25
2024-04-01 12:09:00,22473.25,sell,-0.04417868936798186,0.8126570058601879,down,-1.5499999999992724
2024-04-01 12:22:00,22477.2,buy,0.264368484611623,-0.6464912728429852,up,-3.9500000000007276
2024-04-01 12:35:00,22472.25,sell,-0.13179950098492554,0.20022210266892917,down,-4.950000000000728
2024-04-01 12:43:00,22476.6,buy,0.022746659869881114,-0.1404007486139931,up,-4.349999999998545
2024-04-01 12:46:00,22469.45,sell,-0.25051924655781477,-0.11189395657157436,down,-7.149999999997817
2024-04-01 13:19:00,22450.9,buy,0.11049354564966052,-0.8102821660138242,up,18.549999999999272
2024-04-01 13:44:00,22459.85,sell,-0.19458830762596335,0.831049117082641,down,8.94999999999709
2024-04-01 13:59:00,22460.2,buy,0.10472101710183779,-0.5086095690427836,up,-0.3500000000021828
2024-04-01 14:14:00,22454.5,sell,-0.43402969915769063,0.3745544744101717,down,-5.700000000000728
2024-04-01 14:21:00,22466.55,buy,0.002815548868966289,-0.2372511273239411,up,-12.049999999999272
2024-04-01 14:23:00,22455.85,sell,-0.32757689581558225,-0.2129357370110738,down,-10.700000000000728
2024-04-01 14:32:00,22465.2,buy,0.201754314100981,-0.2022979822232984,up,-9.350000000002183
2024-04-01 14:50:00,22458.05,buy,0.16634337339928607,-0.8613985549504247,up,7.150000000001455
2024-04-01 15:06:00,22451.4,sell,-0.258168624874088,0.43183582568682477,down,-6.649999999997817
2024-04-01 15:10:00,22461.9,buy,0.26296602754155174,0.09425810882974464,up,-10.5
2024-04-01 15:23:00,22459.95,sell,-0.06226359419088112,0.740376528926974,down,-1.9500000000007276
2024-04-02 09:15:00,22432.95,sell,-1.3842114774088259,-0.08859009968856904,down,-27.0
2024-04-02 09:30:00,22454.6,buy,0.5790039663297648,-1.5482887534723333,up,-21.649999999997817
2024-04-02 09:47:00,22454.05,sell,-0.6096462044188229,2.0870802778130453,down,-0.5499999999992724
2024-04-02 10:21:00,22445.9,buy,0.058984166254958836,-1.0508749647329376,up,8.149999999997817
2024-04-02 11:06:00,22426.9,buy,0.5064812672499102,-1.4201846075443085,up,19.0
2024-04-02 11:25:00,22420.85,sell,-0.14150599128333852,0.9900813198077882,down,-6.05000000000291
2024-04-02 11:36:00,22426.9,buy,0.02017217153843376,-0.45684122939782995,up,-6.05000000000291
2024-04-02 11:46:00,22421.25,sell,-0.2463280592492083,0.3927572063398852,down,-5.650000000001455
2024-04-02 11:53:00,22426.8,buy,0.010675723729946185,-0.014783106690842748,up,-5.549999999999272
2024-04-02 11:54:00,22424.95,sell,-0.06013752787839621,-0.02385399092835344,down,-1.8499999999985448
2024-04-02 12:06:00,22427.1,buy,0.15882771321412292,-0.4401185350779337,up,-2.149999999997817
2024-04-02 12:15:00,22421.9,buy,0.029391562027740292,-0.24067542216992224,up,5.19999999999709
2024-04-02 12:24:00,22419.95,sell,-0.03810793741286034,0.29225315690153025,down,-1.9500000000007276
2024-04-02 12:31:00,22424.95,buy,0.033903931398526765,-0.12038928531452706,up,-5.0
2024-04-02 12:49:00,22422.6,sell,-0.14717756408572313,0.263605845892771,down,-2.350000000002183
2024-04-02 12:53:00,22429.1,buy,0.18099055767743266,0.09239158361954686,up,-6.5
2024-04-02 12:57:00,22423.3,sell,-0.02593274972969084,0.14680082192536298,down,-5.799999999999272
2024-04-02 13:27:00,22413.5,buy,0.07286765008029761,-1.1226880508680162,up,9.799999999999272
2024-04-02 13:50:00,22410.6,sell,-0.3013631664798595,0.17356279946668757,down,-2.900000000001455
2024-04-02 14:09:00,22414.4,buy,0.13648197461952805,-0.43794850158195775,up,-3.8000000000029104
2024-04-02 14:37:00,22416.8,sell,-0.13154014896281296,0.531660598825953,down,2.399999999997817
2024-04-02 14:45:00,22426.55,buy,0.34691796305560274,-0.07361590805890182,up,-9.75
2024-04-03 09:15:00,22371.0,sell,-3.981494390875014,0.8417746630354331,down,-55.54999999999927
2024-04-03 09:40:00,22375.9,buy,0.11987305337243015,-1.858703081277005,up,-4.900000000001455
2024-04-03 09:51:00,22375.45,buy,0.026593858248816105,-0.33066629184758833,up,0.4500000000007276
2024-04-03 10:45:00,22448.8,sell,-0.0935095700842794,0.402757612045361,down,73.34999999999854
2024-04-03 11:00:00,22449.85,buy,0.5820845778362127,-1.2492094313153705,up,-1.0499999999992724
2024-04-03 11:41:00,22452.3,sell,-0.3139915774954716,0.409832206383887,down,2.4500000000007276
2024-04-03 12:00:00,22459.35,buy,0.32560262879997026,-0.4944642745486867,up,-7.049999999999272
2024-04-03 13:00:00,22501.15,sell,-0.05091877242739429,1.102180891919108,down,41.80000000000291
2024-04-03 13:37:00,22496.4,buy,0.18782200993882725,-0.3104592876728515,up,4.75
2024-04-03 13:47:00,22490.8,sell,-0.04299617328797467,0.3998954602506597,down,-5.600000000002183
2024-04-03 13:52:00,22489.7,sell,-0.2134354543450172,0.11091218567134059,down,-1.0999999999985448
2024-04-03 14:11:00,22489.1,buy,0.15434728005857323,-1.822142940811565,up,0.6000000000021828
2024-04-03 14:23:00,22472.0,sell,-0.5199140367185464,0.7972237141116902,down,-17.099999999998545
2024-04-03 15:17:00,22439.5,buy,0.002053195916232653,-0.8447086387246922,up,32.5
2024-04-03 15:25:00,22445.9,buy,0.5688283282834163,-0.303299434341011,up,-6.400000000001455
2024-04-04 09:31:00,22492.95,sell,-1.279749795605312,5.241813136858371,down,47.04999999999927
2024-04-04 10:20:00,22436.55,buy,0.1750502391187183,-2.536342705807823,up,56.400000000001455
2024-04-04 10:30:00,22418.4,sell,-0.030530324886058224,1.023985120228457,down,-18.149999999997817
2024-04-04 10:33:00,22415.45,sell,-0.48940856571425684,0.4234557955312979,down,-2.9500000000007276
2024-04-04 10:40:00,22429.55,buy,0.04030851148854708,-0.32809674061239535,up,-14.099999999998545
2024-04-04 10:45:00,22419.6,sell,-0.18680369904541294,0.09000802497700894,down,-9.950000000000728
2024-04-04 11:13:00,22395.85,buy,1.479961782511964,-1.5326339582481734,up,23.75
2024-04-04 11:33:00,22367.35,sell,-1.2296888239870896,1.7678523367562509,down,-28.5
2024-04-04 11:48:00,22393.75,buy,0.21956520059029572,-0.9442735806328185,up,-26.400000000001455
2024-04-04 11:57:00,22386.5,sell,-0.11586933453509118,0.8966678616633501,down,-7.25
2024-04-04 12:09:00,22396.7,buy,0.1475690017468878,-0.3996011281630561,up,-10.200000000000728
2024-04-04 12:11:00,22403.95,buy,0.6569306837118347,-0.13750553708359822,up,-7.25
2024-04-04 12:13:00,22387.7,sell,-0.056186509089457104,-0.055931028748309596,down,-16.25
2024-04-04 12:22:00,22391.45,buy,0.005491681131388759,-0.3683731227613888,up,-3.75
2024-04-04 13:05:00,22459.8,sell,-0.32550502109734225,2.00881875206395,down,68.34999999999854
2024-04-04 13:45:00,22527.6,sell,-0.2544091313793615,3.0593772873754896,down,67.79999999999927
2024-04-04 14:02:00,22552.05,buy,1.1766450385221106,-1.377238074189132,up,-24.450000000000728
2024-04-04 14:12:00,22525.4,sell,-0.06835425227836822,0.8103089879638926,down,-26.649999999997817
2024-04-04 14:17:00,22539.65,buy,0.13402103206317406,0.10328898513678451,up,-14.25
2024-04-04 14:51:00,22536.15,sell,-0.2803438309492776,1.2447500058105223,down,-3.5
2024-04-04 15:18:00,22516.45,buy,0.35229842102489783,-1.3433147596576853,up,19.700000000000728
2024-04-05 09:15:00,22455.0,sell,-1.7964666018051503,2.5469973594678637,down,-61.45000000000073
2024-04-05 09:46:00,22475.95,buy,0.2153869241810753,-1.3805483291153373,up,-20.950000000000728
2024-04-05 10:03:00,22476.3,sell,-0.0948399695698754,0.7760452766724064,down,0.3499999999985448
2024-04-05 10:06:00,22473.55,sell,-0.11710617535936763,0.4892476264311194,down,-2.75
2024-04-05 10:22:00,22484.3,buy,0.15308217876008712,-0.7067324499168558,up,-10.75
2024-04-05 10:48:00,22489.35,sell,-0.09375390386048821,0.43023007781796,down,5.049999999999272
2024-04-05 10:51:00,22500.95,buy,0.5192408993243589,0.30034078230671374,up,-11.600000000002183
2024-04-05 11:22:00,22480.05,sell,-1.5193679315307236,0.5004828345599208,down,-20.900000000001455
2024-04-05 11:37:00,22499.8,buy,0.19375244340699282,-0.9463883477874193,up,-19.75
2024-04-05 11:45:00,22492.25,sell,-0.014995752379036276,0.2193657647402509,down,-7.549999999999272
2024-04-05 11:47:00,22494.55,sell,-0.0022700114641338587,0.14534878104918192,down,2.2999999999992724
2024-04-05 11:55:00,22498.35,buy,0.20882946802521474,-0.22802615295494966,up,-3.7999999999992724
2024-04-05 12:02:00,22492.0,sell,-0.03707038573702448,0.32018874493835375,down,-6.349999999998545
2024-04-05 12:07:00,22498.5,buy,0.07677009148756042,0.01057324296613376,up,-6.5
2024-04-05 12:16:00,22493.65,sell,-0.09467594266243395,0.42272932592985024,down,-4.849999999998545
2024-04-05 12:39:00,22495.6,sell,-0.06798199752665823,0.36857600298108756,down,1.9499999999970896
2024-04-05 12:52:00,22503.15,buy,0.19359630869803368,-0.45632952582095987,up,-7.55000000000291
2024-04-05 12:58:00,22493.2,sell,-0.34136948558079894,-0.017105263411998875,down,-9.950000000000728
2024-04-05 13:22:00,22497.6,buy,0.611572049332608,-0.3591309312826426,up,-4.399999999997817
2024-04-05 13:39:00,22490.25,sell,-0.2733355646741984,0.6846230289938129,down,-7.349999999998545
2024-04-05 13:51:00,22499.6,buy,0.08205968148467946,-0.23238535384879563,up,-9.349999999998545
2024-04-05 14:12:00,22506.2,sell,-0.07403136928405729,1.394006258962862,down,6.600000000002183
2024-04-05 14:32:00,22507.8,buy,0.011531636824656744,-0.31993975528615604,up,-1.5999999999985448
2024-04-05 14:35:00,22501.55,sell,-0.3012306580276345,-0.21695420403525306,down,-6.25
2024-04-05 14:57:00,22502.4,buy,0.1593712854810292,-0.28452826337673076,up,-0.8500000000021828
2024-04-08 09:55:00,22603.5,sell,-0.09580067470960785,0.8641753813664048,down,101.09999999999854
2024-04-08 09:58:00,22603.65,sell,-0.1650120171107119,0.40020334800245305,down,0.1500000000014552
2024-04-08 10:03:00,22612.0,buy,0.13040411377733108,-0.2855737828909222,up,-8.349999999998545
2024-04-08 10:24:00,22614.7,sell,-0.05076368383015506,0.6796684315318546,down,2.7000000000007276
2024-04-08 10:32:00,22620.5,buy,0.27362168882609694,-0.19766883723351736,up,-5.799999999999272
2024-04-08 10:45:00,22614.8,sell,-0.2743130783273955,0.38598565760485803,down,-5.700000000000728
2024-04-08 10:51:00,22623.75,buy,0.02685855136223836,-0.17823890356744068,up,-8.950000000000728
2024-04-08 11:08:00,22620.9,sell,-0.13722820808834513,0.4139620530919326,down,-2.849999999998545
2024-04-08 11:17:00,22625.05,buy,0.0329158634704072,-0.05879583595379355,up,-4.149999999997817
2024-04-08 13:26:00,22674.5,sell,-0.7455176584007859,0.5667455500897509,down,49.45000000000073
2024-04-08 13:41:00,22670.6,buy,0.1138819589468767,-1.5606147165808584,up,3.900000000001455
2024-04-08 13:47:00,22657.65,sell,-0.37297706658864627,-0.32875200767456714,down,-12.94999999999709
2024-04-08 14:05:00,22663.8,buy,0.0114356190788385,-0.9962803153470425,up,-6.149999999997817
2024-04-08 14:14:00,22660.9,buy,0.06067692495707888,-0.057731110790883076,up,2.899999999997817
2024-04-08 14:42:00,22667.95,sell,-0.06487746955099283,1.0570785272381302,down,7.049999999999272
2024-04-08 15:00:00,22673.8,buy,0.07152372154814657,-0.2970046086706129,up,-5.849999999998545
2024-04-08 15:01:00,22664.15,sell,-0.364761678440118,-0.3105560226245139,down,-9.649999999997817
2024-04-08 15:12:00,22674.35,buy,0.15344959064896102,-0.7632384515276216,up,-10.19999999999709
2024-04-08 15:17:00,22659.45,sell,-0.23877004338646657,-0.11916255480769725,down,-14.899999999997817
2024-04-08 15:20:00,22669.85,buy,0.04420724390001851,-0.14307830930856083,up,-10.399999999997817
2024-04-08 15:28:00,22663.25,sell,-0.20301454008586006,0.1967113143029603,down,-6.599999999998545
2024-04-09 09:15:00,22727.25,buy,3.0487378652615007,0.6510455075087982,up,-64.0
2024-04-09 10:16:00,22744.1,sell,-0.19146707514300942,0.7427398597907706,down,16.849999999998545
2024-04-09 10:29:00,22751.95,buy,0.2508869244775269,-0.5254953934806945,up,-7.850000000002183
2024-04-09 10:49:00,22747.0,sell,-0.3193995687615825,0.8078425526583155,down,-4.950000000000728
2024-04-09 11:25:00,22745.55,buy,0.10810733329344657,-0.39026089050201435,up,1.4500000000007276
2024-04-09 11:37:00,22745.4,buy,0.20704546555498382,-0.20750657765602365,up,0.1499999999978172
2024-04-09 11:46:00,22739.9,sell,-0.1280809927957307,0.40313719319964686,down,-5.5
2024-04-09 11:58:00,22747.15,buy,0.15907437006899272,-0.10978104203334738,up,-7.25
2024-04-09 12:07:00,22741.2,sell,-0.19821447004869697,0.15628812043953402,down,-5.950000000000728
2024-04-09 12:48:00,22700.05,buy,0.3032667678889993,-1.609404689951909,up,41.150000000001455
2024-04-09 13:01:00,22691.85,sell,-0.12618391578871524,0.40605564899494717,down,-8.200000000000728
2024-04-09 13:06:00,22692.35,sell,-0.19495073994767154,0.07669479625696443,down,0.5
2024-04-09 14:22:00,22651.65,buy,0.6274777138241916,-1.083030541556202,up,40.69999999999709
2024-04-09 14:32:00,22639.15,sell,-0.09446836775532574,1.3660935694852492,down,-12.5
2024-04-09 14:50:00,22649.45,buy,0.6346856055497483,-0.6672821448100525,up,-10.299999999999272
2024-04-09 15:01:00,22635.6,sell,-0.07312040155738941,0.5129176985676622,down,-13.850000000002183
2024-04-09 15:03:00,22641.4,sell,-0.10300864451710368,0.30860299902080446,down,5.80000000000291
2024-04-09 15:15:00,22644.9,buy,0.0539585484584677,-0.26877936957742843,up,-3.5
2024-04-10 09:53:00,22689.65,sell,-1.3373678165589808,0.2552060146677201,down,44.75
2024-04-10 10:13:00,22698.9,buy,0.1648141959849454,-1.11150891601849,up,-9.25
2024-04-10 10:23:00,22692.0,sell,-0.34641510869187186,0.33863283250890297,down,-6.900000000001455
2024-04-10 10:29:00,22694.35,sell,-0.0877105390172801,0.11584644356548268,down,2.349999999998545
2024-04-10 10:48:00,22699.05,sell,-0.08579093202934018,0.2708494469025936,down,4.700000000000728
2024-04-10 10:54:00,22697.7,sell,-0.1979156998822873,0.009645192291429128,down,-1.3499999999985448
2024-04-10 11:00:00,22706.25,buy,0.22086982354085194,-0.07544029595803067,up,-8.549999999999272
2024-04-10 11:15:00,22702.45,sell,-0.0733181669129408,0.5143273099691336,down,-3.7999999999992724
2024-04-10 11:35:00,22693.95,buy,0.1998034186035511,-1.250207257778297,up,8.5
2024-04-10 11:42:00,22688.2,sell,-0.0017745766854204703,0.08167278874607692,down,-5.75
2024-04-10 11:53:00,22691.9,buy,0.020276029161323095,-0.34954300923089276,up,-3.7000000000007276
2024-04-10 12:25:00,22699.05,sell,-0.06153363121120492,0.21921164684752942,down,7.149999999997817
2024-04-10 12:36:00,22699.2,sell,-0.04516566772508668,0.17487832455535515,down,0.1500000000014552
2024-04-10 12:40:00,22704.45,buy,0.08432492894644383,0.050912445962349215,up,-5.25
2024-04-10 12:43:00,22700.95,sell,-0.01818501514935633,0.03978791918232816,down,-3.5
2024-04-10 12:45:00,22698.65,sell,-0.17408078725202358,-0.006674007566627369,down,-2.2999999999992724
2024-04-10 13:02:00,22701.6,buy,0.11055088001012336,-0.2491189182755689,up,-2.9499999999970896
2024-04-10 13:48:00,22723.45,sell,-0.29588740253893775,0.8100794602529122,down,21.850000000002183
2024-04-10 13:58:00,22733.95,buy,0.23765032917799545,-0.6710022390829424,up,-10.5
2024-04-10 14:12:00,22726.65,sell,-0.3118141928935074,0.4734594316054215,down,-7.299999999999272
2024-04-10 14:23:00,22732.2,buy,0.08094866273677326,-0.4469834242500162,up,-5.549999999999272
2024-04-10 14:47:00,22735.55,sell,-0.3612178935072734,0.4193767929230474,down,3.349999999998545
2024-04-10 14:50:00,22750.35,buy,0.2614163863036083,0.15230305862289312,up,-14.799999999999272
2024-04-10 15:14:00,22752.0,sell,-0.3159513807804615,1.0701017370244406,down,1.6500000000014552
2024-04-12 09:31:00,22720.0,buy,0.15236699083106942,-1.8686484522913385,up,32.0
2024-04-12 09:33:00,22721.25,buy,0.3869411397135991,-1.1417198913999618,up,-1.25
2024-04-12 10:29:00,22648.1,buy,0.40892206304488354,-0.7521665079826997,up,73.15000000000146
2024-04-12 10:53:00,22650.85,sell,-0.22995117307800683,0.6016923198735052,down,2.75
2024-04-12 10:59:00,22659.4,buy,0.003793203901295783,-0.015774488688325754,up,-8.55000000000291
2024-04-12 11:11:00,22656.3,sell,-0.06915689089510124,0.2728000822612306,down,-3.100000000002183
2024-04-12 11:17:00,22682.7,buy,1.3367117059351585,0.23471252989100821,up,-26.400000000001455
2024-04-12 11:32:00,22673.2,sell,-0.014802752823015908,1.0167738981692036,down,-9.5
2024-04-12 11:35:00,22673.05,sell,-0.0916559269244317,0.5104944469146058,down,-0.1500000000014552
2024-04-12 12:15:00,22683.65,sell,-0.1177599025577365,0.458011752248813,down,10.600000000002183
2024-04-12 13:00:00,22591.55,buy,0.6677545246711816,-1.2296650649136123,up,92.10000000000218
2024-04-12 13:05:00,22564.2,sell,-0.2329780553918681,0.15562091569635977,down,-27.349999999998545
2024-04-12 13:20:00,22575.2,buy,0.15328225482517155,-0.8196569325203579,up,-11.0
2024-04-12 13:39:00,22571.5,sell,-0.39476318971355795,0.6765731764272553,down,-3.7000000000007276
2024-04-12 13:50:00,22578.25,buy,0.021290710636094445,-0.9189609370175179,up,-6.75
2024-04-12 14:02:00,22574.1,sell,-0.038629525846772594,0.32585074245005713,down,-4.150000000001455
2024-04-12 14:28:00,22560.6,buy,0.05992631031040219,-1.1856387470199126,up,13.5
2024-04-12 14:34:00,22558.4,buy,0.23067134388838895,-0.43700191883232764,up,2.1999999999970896
2024-04-12 14:39:00,22560.85,buy,0.36732728700735606,-0.11196725519574417,up,-2.4499999999970896
2024-04-12 14:41:00,22548.7,sell,-0.08961088818250573,-0.03915508633632764,down,-12.149999999997817
2024-04-15 09:52:00,22295.7,buy,0.018640103815414477,-2.430412155049997,up,253.0
2024-04-15 11:07:00,22388.45,sell,-0.0510462119600561,2.455146558220104,down,92.75
2024-04-15 11:30:00,22381.9,buy,0.19869919796838076,-1.0353764945645472,up,6.549999999999272
2024-04-15 11:38:00,22369.4,sell,-0.24071510710564326,0.162206130632081,down,-12.5
2024-04-15 11:39:00,22387.85,buy,0.4264465736305283,0.21505421923177048,up,-18.44999999999709
2024-04-15 11:44:00,22372.6,sell,-0.0942803051075316,0.32110351045156477,down,-15.25
2024-04-15 11:59:00,22383.55,buy,0.502470104405802,-0.5839380082403609,up,-10.950000000000728
2024-04-15 12:30:00,22387.25,sell,-0.3010527264996199,0.7855208754970999,down,3.7000000000007276
2024-04-15 13:19:00,22348.8,buy,0.24733205216034548,-1.0107550748647702,up,38.45000000000073
2024-04-15 13:32:00,22336.85,sell,-0.5007252287432493,0.06733577382207588,down,-11.950000000000728
2024-04-15 13:46:00,22345.75,buy,0.09822298946164665,-0.9092951695820873,up,-8.900000000001455
2024-04-15 14:03:00,22336.3,sell,-0.4187743294824031,0.32178964687437167,down,-9.450000000000728
2024-04-15 14:09:00,22348.7,buy,0.28664469832438044,-0.10440898506167537,up,-12.400000000001455
2024-04-15 14:11:00,22339.45,sell,-0.15145943763491232,-0.08393186571111598,down,-9.25
2024-04-15 14:40:00,22326.65,buy,0.5159632377799426,-1.5371912449784522,up,12.799999999999272
2024-04-15 14:46:00,22306.2,sell,-0.3860718812466075,-0.25067127621233276,down,-20.450000000000728
2024-04-15 15:26:00,22277.95,buy,0.13692837148482795,-0.6247829514212799,up,28.25
2024-04-16 09:15:00,22124.05,sell,-8.385118060698005,-1.8642740237498245,down,-153.90000000000146
2024-04-16 09:35:00,22200.4,buy,0.7446793152412283,-2.609768594519773,up,-76.35000000000218
2024-04-16 09:46:00,22187.65,sell,-0.3428423176155775,0.6513277398570626,down,-12.75
2024-04-16 09:54:00,22197.55,buy,0.194052616119734,-0.28831514275859144,up,-9.899999999997817
2024-04-16 10:14:00,22191.4,sell,-0.10863554115712759,0.7511239043024145,down,-6.149999999997817
2024-04-16 10:29:00,22190.8,buy,0.01658051677804906,-2.085254620440629,up,0.6000000000021828
2024-04-16 10:44:00,22188.35,sell,-0.12028454683968448,0.9056175804800848,down,-2.4500000000007276
2024-04-16 11:02:00,22188.65,sell,-0.2579749734795769,0.21040285770184985,down,0.3000000000029104
2024-04-16 11:13:00,22198.3,buy,0.25537294341484085,-0.0757721823810225,up,-9.649999999997817
2024-04-16 11:27:00,22185.8,sell,-0.6096108245583309,0.5855126389630165,down,-12.5
2024-04-16 11:41:00,22196.25,buy,0.006171716111566639,-0.32125718628125444,up,-10.450000000000728
2024-04-16 12:15:00,22169.9,buy,0.3056702444446273,-1.1148503685202091,up,26.349999999998545
2024-04-16 12:59:00,22132.0,buy,0.06138644727616338,-1.1700608542195523,up,37.900000000001455
2024-04-16 13:34:00,22110.35,buy,0.6421473134760163,-0.5451651344819012,up,21.650000000001455
2024-04-16 14:20:00,22137.85,sell,-0.1002153789922886,1.092628447012302,down,27.5
2024-04-16 14:33:00,22145.0,buy,0.5046523617966159,-0.5563968876056642,up,-7.150000000001455
2024-04-16 14:41:00,22133.5,sell,-0.06132831526701921,0.166111746773748,down,-11.5
2024-04-16 15:03:00,22129.75,buy,0.01443242360255681,-0.9674464821122682,up,3.75
2024-04-16 15:05:00,22127.8,buy,0.19719385342978057,-0.5942148039723834,up,1.9500000000007276
2024-04-18 09:35:00,22232.35,sell,-0.4890375021022919,3.6759286204223565,down,104.54999999999927
2024-04-18 09:59:00,22207.25,buy,0.004219276801450178,-2.194377389552049,up,25.099999999998545
2024-04-18 10:07:00,22183.2,sell,-0.09823798058641842,0.623660269584008,down,-24.049999999999272
2024-04-18 10:33:00,22181.8,buy,0.3305830930257798,-1.2067532920201547,up,1.4000000000014552
2024-04-18 10:47:00,22181.9,sell,-0.10986924022654421,1.2898048865785066,down,0.10000000000218279
2024-04-18 10:59:00,22193.6,buy,0.3804600153125648,-0.6255218289595222,up,-11.69999999999709
2024-04-18 11:43:00,22276.35,sell,-0.11740552426272188,0.8025497855907583,down,82.75
2024-04-18 11:48:00,22278.65,sell,-0.1535742784071772,0.16843860861853194,down,2.3000000000029104
2024-04-18 11:54:00,22285.65,buy,0.16225364284400712,-0.05543936379737192,up,-7.0
2024-04-18 12:35:00,22304.85,sell,-0.33123722378877574,0.7298835780077482,down,19.19999999999709
2024-04-18 12:43:00,22314.8,buy,0.01996834553210647,-0.3554146667898265,up,-9.950000000000728
2024-04-18 13:19:00,22300.7,buy,0.07412873894281802,-0.5031700954344531,up,14.099999999998545
2024-04-18 13:24:00,22290.2,sell,-0.07057711928428034,0.05189750420751254,down,-10.5
2024-04-18 13:56:00,22154.9,buy,0.21685921210155357,-3.7568103500799794,up,135.29999999999927
2024-04-18 14:02:00,22142.05,buy,0.0777626417184365,-0.9827352552299431,up,12.850000000002183
2024-04-18 14:06:00,22122.6,sell,-0.6598118402107502,-0.22603721030848806,down,-19.450000000000728
2024-04-18 14:15:00,22147.1,buy,0.269837412823108,-1.0789303516270592,up,-24.5
2024-04-18 14:27:00,22132.0,sell,-0.5227558724654955,0.7334452807818785,down,-15.099999999998545
2024-04-18 15:20:00,22001.35,buy,0.6787073763152875,-3.3432143338363716,up,130.65000000000146
2024-04-19 09:15:00,21810.55,sell,-7.120346763265843,1.9293118420356108,down,-190.79999999999927
2024-04-19 09:39:00,21863.55,buy,0.2748378685100761,-3.1221798395853217,up,-53.0
2024-04-19 09:47:00,21879.6,buy,0.8140503283721046,-0.9141473516547809,up,-16.049999999999272
2024-04-19 09:55:00,21842.2,sell,-0.3643449282681104,0.8816380493736666,down,-37.39999999999782
2024-04-19 09:58:00,21869.85,buy,0.5876436996186385,0.5296177758814756,up,-27.649999999997817
2024-04-19 10:18:00,21871.7,sell,-0.3607410230470123,0.7856899647812219,down,1.8500000000021828
2024-04-19 10:22:00,21873.45,sell,-0.14927715836529387,0.36393804445181543,down,1.75
2024-04-19 10:34:00,21876.95,buy,0.20687231586998678,-0.8922190392985723,up,-3.5
2024-04-19 11:09:00,21871.5,buy,0.18159330640992266,-0.4407651142226002,up,5.450000000000728
2024-04-19 11:53:00,21901.5,sell,-0.13040835504580173,2.029842186032754,down,30.0
2024-04-19 12:08:00,21919.25,buy,0.2649568306223955,-0.37654763499289257,up,-17.75
2024-04-19 13:16:00,22030.4,sell,-0.14002526253534597,0.7882555310662513,down,111.15000000000146
2024-04-19 13:23:00,22046.25,buy,0.11578477431612555,-0.3934242371777112,up,-15.849999999998545
2024-04-19 13:34:00,22040.45,sell,-0.0711703642300563,0.5772677356918589,down,-5.799999999999272
2024-04-19 13:47:00,22061.2,buy,0.8896754259876616,-1.258740517177869,up,-20.75
2024-04-19 14:19:00,22138.35,sell,-0.3551601855288027,2.7308387075520124,down,77.14999999999782
2024-04-19 14:32:00,22149.05,buy,0.24616065575173707,-0.7079107463602949,up,-10.700000000000728
2024-04-19 14:41:00,22130.25,sell,-0.5471717853979499,0.34306187377981107,down,-18.799999999999272
2024-04-19 14:51:00,22149.8,buy,0.23581713774910895,-1.2606707313636871,up,-19.549999999999272
2024-04-19 15:03:00,22130.35,sell,-0.4337515466759214,0.28679290421987846,down,-19.450000000000728
2024-04-19 15:20:00,22147.7,sell,-0.04546438258330454,1.256139974502365,down,17.350000000002183
2024-04-22 09:15:00,22282.55,buy,7.004361033454188,0.3821081919852445,up,-134.84999999999854
2024-04-22 09:42:00,22227.4,sell,-1.1967312198030413,1.657068592393452,down,-55.14999999999782
2024-04-22 10:00:00,22231.2,buy,0.11520458011364099,-0.9763248145887721,up,-3.7999999999992724
2024-04-22 10:09:00,22226.55,sell,-0.07532130062099895,0.4585924108354217,down,-4.650000000001455
2024-04-22 10:12:00,22246.2,buy,0.33230029938931693,0.13413677718138192,up,-19.650000000001455
2024-04-22 10:27:00,22232.65,sell,-0.21742041589095606,1.3758414077553023,down,-13.549999999999272
2024-04-22 10:41:00,22251.0,buy,0.21339572159922682,-0.6263049395590283,up,-18.349999999998545
2024-04-22 11:20:00,22274.75,sell,-0.2085764059520443,0.8202083117647178,down,23.75
2024-04-22 11:46:00,22288.75,sell,-0.040649027956533246,0.6690731545104397,down,14.0
2024-04-22 12:09:00,22296.25,sell,-0.2779745253283181,0.3522987723888727,down,7.5
2024-04-22 12:26:00,22296.7,buy,0.05997349015524378,-0.6770202199882163,up,-0.4500000000007276
2024-04-22 12:32:00,22296.9,buy,0.02655081601551501,-0.5180561281642663,up,-0.2000000000007276
2024-04-22 12:46:00,22286.4,sell,-0.2790835668674845,0.15683126937379577,down,-10.5
2024-04-22 13:30:00,22275.0,buy,0.16273944862405187,-0.4730873246867312,up,11.400000000001455
2024-04-22 14:22:00,22291.35,sell,-0.057500036084093153,0.22962964947934975,down,16.349999999998545
2024-04-22 14:38:00,22289.75,buy,0.05773592624973389,-0.7663142699721445,up,1.5999999999985448
2024-04-23 09:35:00,22391.25,sell,-0.08332633790269028,1.675831615668329,down,101.5
2024-04-23 09:46:00,22386.0,sell,-0.4156294297463319,0.13658094546011995,down,-5.25
2024-04-23 09:58:00,22397.85,buy,0.24775690968454,-0.6571532989867042,up,-11.849999999998545
2024-04-23 10:27:00,22403.85,sell,-0.3204438954744546,0.580379461583295,down,6.0
2024-04-23 11:01:00,22377.7,buy,0.0036130910521023907,-1.0952741880151813,up,26.149999999997817
2024-04-23 11:13:00,22382.6,buy,0.33894060393140535,-0.2844096811675989,up,-4.899999999997817
2024-04-23 11:38:00,22391.4,sell,-0.0511973985194345,0.7920402110549457,down,8.80000000000291
2024-04-23 11:54:00,22395.6,buy,0.21932553688748158,-0.15835846447263585,up,-4.19999999999709
2024-04-23 12:28:00,22412.25,sell,-0.17543369956547394,0.5030471169089287,down,16.650000000001455
2024-04-23 12:55:00,22409.3,buy,0.15553990376065485,-0.6741532784793197,up,2.9500000000007276
2024-04-23 13:01:00,22402.4,sell,-0.17544003056900692,-0.12697373929655012,down,-6.899999999997817
2024-04-23 13:27:00,22384.55,buy,0.16562913221423514,-1.439849830293871,up,17.850000000002183
2024-04-23 13:51:00,22385.2,sell,-0.05127356187949772,0.46332149688979957,down,0.6500000000014552
2024-04-23 14:10:00,22380.2,sell,-0.7168261891420116,0.4982769751626958,down,-5.0
2024-04-23 14:15:00,22403.55,buy,0.5509079697440029,0.018496748074677216,up,-23.349999999998545
2024-04-23 14:28:00,22399.4,sell,-0.0404937086168502,0.6070441149622305,down,-4.149999999997817
2024-04-23 14:32:00,22398.25,sell,-0.0585285775923694,0.20716906145201444,down,-1.1500000000014552
2024-04-23 14:46:00,22402.35,buy,0.13841978186974302,-0.4503531793856557,up,-4.099999999998545
2024-04-23 14:55:00,22389.95,sell,-0.3599209337735374,0.31097373721806437,down,-12.399999999997817
2024-04-23 14:58:00,22403.05,buy,0.06481613341384218,0.02769329531317695,up,-13.099999999998545
2024-04-23 15:00:00,22385.7,sell,-0.19221805617053178,0.10708135358990559,down,-17.349999999998545
2024-04-24 09:15:00,22421.0,buy,1.937793300487101,-1.3177829681298974,up,-35.29999999999927
2024-04-24 10:53:00,22464.5,sell,-0.029113325977959903,0.6206581673272284,down,43.5
2024-04-24 10:58:00,22472.75,buy,0.17441802517714677,0.06048856224166239,up,-8.25
2024-04-24 11:00:00,22463.0,sell,-0.04583668347913772,0.05321913260743029,down,-9.75
2024-04-24 11:25:00,22465.45,buy,0.09734817571370513,-0.6591927312959406,up,-2.4500000000007276
2024-04-24 11:38:00,22456.15,sell,-0.16178917911747703,0.11773493228619089,down,-9.299999999999272
2024-04-24 12:00:00,22457.75,buy,0.2578177001232689,-0.8432771230470154,up,-1.5999999999985448
2024-04-24 12:22:00,22456.3,sell,-0.07729574907352799,0.24207469120912323,down,-1.4500000000007276
2024-04-24 12:28:00,22460.3,buy,0.09118277713787393,-0.08389120002307143,up,-4.0
2024-04-24 12:30:00,22453.15,sell,-0.13023984786195797,-0.058414221791142654,down,-7.149999999997817
2024-04-24 12:37:00,22458.65,buy,0.09543901646247832,-0.08872286410197457,up,-5.5
2024-04-24 12:44:00,22456.15,sell,-0.027702632385626202,0.12172605223565147,down,-2.5
2024-04-24 13:17:00,22449.3,buy,0.048531724052736536,-0.4615861837714255,up,6.850000000002183
2024-04-24 13:30:00,22446.5,sell,-0.27493092836084543,0.4379658846614174,down,-2.7999999999992724
2024-04-24 13:45:00,22448.0,buy,0.010616077302984195,-0.42016929560185096,up,-1.5
2024-04-24 13:49:00,22447.7,buy,0.041860240235109814,-0.19902718431805227,up,0.2999999999992724
2024-04-24 14:04:00,22447.3,sell,-0.10685338341500028,0.19366124948890032,down,-0.4000000000014552
2024-04-24 14:13:00,22452.0,buy,0.1795569566784252,-0.1966791401241831,up,-4.700000000000728
2024-04-24 14:20:00,22446.45,sell,-0.02760731846865383,0.15516464688458345,down,-5.549999999999272
2024-04-24 14:50:00,22418.3,buy,0.38053954630959197,-1.8027971590684844,up,28.150000000001455
2024-04-24 15:00:00,22403.8,sell,-0.2102894655072305,0.033596901155910075,down,-14.5
2024-04-24 15:19:00,22408.6,buy,0.3346073012944544,-0.27313526989949855,up,-4.799999999999272
2024-04-25 09:15:00,22344.55,sell,-2.8616003723363974,0.10351687985251956,down,-64.04999999999927
2024-04-25 09:35:00,22378.5,buy,1.7024256128534034,-2.240878510803322,up,-33.95000000000073
2024-04-25 10:33:00,22438.3,sell,-0.029179076103901025,1.6560246292073433,down,59.79999999999927
2024-04-25 11:07:00,22413.7,buy,1.3225913081223553,-3.0242434317589306,up,24.599999999998545
2024-04-25 11:22:00,22396.35,sell,-0.6938285255200753,2.8041488256229976,down,-17.350000000002183
2024-04-25 11:37:00,22409.7,buy,0.16633295616338728,-0.18931101015442509,up,-13.350000000002183
2024-04-25 11:51:00,22407.3,sell,-0.13603069157034042,0.33264069828322884,down,-2.400000000001455
2024-04-25 11:55:00,22413.35,buy,0.11003912755404599,0.012526605061325507,up,-6.049999999999272
2024-04-25 11:58:00,22407.05,sell,-0.11802719538536621,0.03493244590370921,down,-6.299999999999272
2024-04-25 12:20:00,22401.6,buy,0.06061244072043337,-0.643686142160364,up,5.450000000000728
2024-04-25 12:27:00,22404.0,buy,0.18389009726888617,-0.5087905885691659,up,-2.400000000001455
2024-04-25 12:44:00,22396.45,sell,-0.17458998700385564,0.4876891899142724,down,-7.549999999999272
2024-04-25 12:57:00,22400.8,buy,0.09626551775363623,-0.2992656225682878,up,-4.349999999998545
2024-04-25 13:31:00,22456.05,sell,-0.06384278715631808,0.881608050194229,down,55.25
2024-04-25 13:36:00,22470.25,buy,0.08455789104118594,-0.21908606359302008,up,-14.200000000000728
2024-04-25 14:42:00,22586.65,sell,-0.19308838380675297,1.9334171851245612,down,116.40000000000146
2024-04-25 14:50:00,22587.7,sell,-0.3187445239564113,0.07435655237437908,down,1.0499999999992724
2024-04-25 14:58:00,22600.2,buy,0.27304590255153016,-0.3857966891905983,up,-12.5
2024-04-26 09:15:00,22588.15,buy,0.9517639417281316,-0.8816591663262102,up,12.049999999999272
2024-04-26 09:35:00,22587.0,sell,-0.10326403539147577,1.3779347790810579,down,-1.1500000000014552
2024-04-26 09:48:00,22593.0,sell,-0.05846028255473357,0.38931059991830635,down,6.0
2024-04-26 10:43:00,22536.15,buy,0.5310324471138301,-0.6125032448202644,up,56.849999999998545
2024-04-26 11:05:00,22526.1,sell,-0.7307267760370451,0.9677653286164449,down,-10.05000000000291
2024-04-26 11:24:00,22534.0,buy,0.49785415948645095,-0.6710363466365288,up,-7.900000000001455
2024-04-26 11:52:00,22535.45,sell,-0.10611406187308603,0.7696606026816302,down,1.4500000000007276
2024-04-26 12:06:00,22536.3,buy,0.05786215437547071,-1.0405735846441326,up,-0.8499999999985448
2024-04-26 12:08:00,22535.4,buy,0.22609949682737351,-0.629844645582796,up,0.8999999999978172
2024-04-26 12:54:00,22516.85,buy,0.14480655663646758,-1.242624723268512,up,18.55000000000291
2024-04-26 13:06:00,22506.6,buy,0.014325853146146983,-0.13646715355106367,up,10.25
2024-04-26 13:07:00,22501.1,sell,-0.2612284824208473,-0.1614194193250204,down,-5.5
2024-04-26 13:12:00,22513.2,buy,0.336300803017366,-0.12735102452732244,up,-12.100000000002183
2024-04-26 13:17:00,22495.25,sell,-0.5265448658174137,0.10956704632678736,down,-17.950000000000728
2024-04-26 14:10:00,22435.85,buy,0.11693232599645853,-0.4152105564747406,up,59.400000000001455
2024-04-26 14:24:00,22435.65,sell,-0.03802711990283569,1.4845620548816574,down,-0.19999999999708962
2024-04-26 14:39:00,22440.2,buy,0.00010672537973732688,-1.0273025345556315,up,-4.549999999999272
2024-04-26 14:57:00,22437.35,sell,-0.16095413012226345,1.1058739398956823,down,-2.850000000002183
2024-04-26 15:17:00,22422.35,buy,0.5908061601912777,-2.2653262364638818,up,15.0
2024-04-29 09:42:00,22498.2,sell,-0.2688056326005608,1.8000764040286712,down,75.85000000000218
2024-04-29 10:05:00,22482.95,buy,0.19648865930867032,-2.1954079925876635,up,15.25
2024-04-29 10:46:00,22524.85,sell,-0.03377240639019874,1.1391392855252787,down,41.89999999999782
2024-04-29 10:59:00,22528.5,buy,0.11352283965970855,-0.3710240437199713,up,-3.650000000001455
2024-04-29 11:05:00,22525.75,buy,0.051801422669086605,-0.05821702810641409,up,2.75
2024-04-29 11:30:00,22532.85,sell,-0.15470420347628533,0.5155954784288516,down,7.099999999998545
2024-04-29 11:42:00,22542.35,buy,0.403618325588468,-0.3409561414106933,up,-9.5
2024-04-29 12:17:00,22552.25,sell,-0.23638707823192817,1.0993583069348765,down,9.900000000001455
2024-04-29 12:36:00,22557.85,sell,-0.2868024629751744,0.43100889296340217,down,5.599999999998545
2024-04-29 12:42:00,22566.95,buy,0.019515451291226782,-0.07858275569988112,up,-9.100000000002183
2024-04-29 13:06:00,22566.2,sell,-0.038929998539970256,0.4475282628902161,down,-0.75
2024-04-29 13:17:00,22569.2,sell,-0.06891238275784417,0.4073490607575579,down,3.0
2024-04-29 13:52:00,22606.95,sell,-0.017761114351742435,0.913859346970602,down,37.75
2024-04-29 14:09:00,22607.35,sell,-0.08342383965282352,0.43393065956548577,down,0.3999999999978172
2024-04-29 14:11:00,22619.35,buy,0.35303167967140325,0.3321948867093368,up,-12.0
2024-04-29 14:15:00,22606.9,sell,-0.16713346539836493,0.2662625048879092,down,-12.44999999999709
2024-04-29 14:20:00,22620.95,buy,0.4605929687349999,0.0469182185662307,up,-14.049999999999272
2024-04-29 14:30:00,22610.1,sell,-0.19235532114907983,0.5492712901945768,down,-10.850000000002183
2024-04-29 14:36:00,22619.95,buy,0.10856258247804362,0.061423166200855264,up,-9.850000000002183
2024-04-29 14:44:00,22608.3,sell,-0.28451654379750835,0.5356107241931384,down,-11.650000000001455
2024-04-29 14:54:00,22626.75,buy,0.6045933498317027,-0.48183997827281483,up,-18.450000000000728
2024-04-29 15:22:00,22637.05,sell,-0.22187551272509154,0.8753872864551889,down,10.299999999999272
2024-04-30 09:15:00,22679.0,buy,1.2843157656716357,-0.18380614724147304,up,-41.95000000000073
2024-04-30 10:09:00,22707.9,sell,-1.2161642287574068,1.9298673256734082,down,28.900000000001455
2024-04-30 10:17:00,22736.45,buy,0.2663937698198424,-0.27440520577480815,up,-28.549999999999272
2024-04-30 10:24:00,22725.15,sell,-0.3024251237438875,0.22790106148207226,down,-11.299999999999272
2024-04-30 10:27:00,22737.2,buy,0.02895047286801855,0.0101663055185783,up,-12.049999999999272
2024-04-30 10:32:00,22729.55,sell,-0.0835108182291151,0.11052041420475262,down,-7.650000000001455
2024-04-30 10:34:00,22737.45,buy,0.09778839361388236,0.042893044886729514,up,-7.900000000001455
2024-04-30 10:35:00,22730.35,sell,-0.04053195232700091,0.026208045443983433,down,-7.100000000002183
2024-04-30 10:36:00,22733.5,buy,0.045777866238495335,0.030122009602885816,up,-3.150000000001455
2024-04-30 10:59:00,22745.2,sell,-0.06106260103115346,1.3835885012237346,down,11.700000000000728
2024-04-30 11:24:00,22739.05,buy,0.3056202139923698,-0.6544307238852355,up,6.150000000001455
2024-04-30 11:37:00,22727.55,sell,-0.12385503726909519,0.2533997422424371,down,-11.5
2024-04-30 11:42:00,22736.25,buy,0.12183358694528579,-0.04938789805825426,up,-8.700000000000728
2024-04-30 11:49:00,22726.25,sell,-0.368624688777345,0.139238318164986,down,-10.0
2024-04-30 11:57:00,22737.45,buy,0.26131707440072205,-0.16083993752550318,up,-11.200000000000728
2024-04-30 12:22:00,22741.85,sell,-0.1382240738857945,0.433662430013213,down,4.399999999997817
2024-04-30 12:28:00,22744.6,buy,0.0185930267580261,-0.009864360751527005,up,-2.75
2024-04-30 12:40:00,22738.15,sell,-0.43428093370675924,0.322179550504978,down,-6.44999999999709
2024-04-30 12:49:00,22746.0,buy,0.04195506284668227,-0.3190450915509328,up,-7.849999999998545
2024-04-30 12:55:00,22739.8,sell,-0.11127304287219886,0.045301847410383705,down,-6.200000000000728
2024-04-30 13:24:00,22731.8,buy,0.23165717162919464,-1.0996321707518992,up,8.0
2024-04-30 13:50:00,22730.7,sell,-0.18511507582297781,0.5890115907332174,down,-1.0999999999985448
2024-04-30 13:58:00,22734.85,buy,0.013972613003716106,-0.17726198909741253,up,-4.149999999997817
2024-04-30 14:33:00,22763.85,sell,-0.04121721541014267,0.7592432929262697,down,29.0
2024-04-30 14:36:00,22769.6,sell,-0.03135233897046419,0.41066297631629206,down,5.75
2024-05-02 09:15:00,22648.8,buy,1.301639873036038,-3.9567960411355214,up,120.79999999999927
2024-05-02 09:51:00,22623.5,sell,-1.0235104345410946,1.2485410834970185,down,-25.299999999999272
2024-05-02 10:00:00,22642.1,buy,0.028939395509951282,-0.23269061463092766,up,-18.599999999998545
2024-05-02 10:25:00,22660.5,sell,-0.06075226778557408,1.191280375020846,down,18.400000000001455
2024-05-02 10:47:00,22675.1,sell,-0.11301935520896222,0.7247508390294234,down,14.599999999998545
2024-05-02 10:53:00,22690.5,buy,0.38277457502044854,0.09641700920065646,up,-15.400000000001455
2024-05-02 11:01:00,22676.65,sell,-0.039544010291137965,0.3452196860409298,down,-13.849999999998545
2024-05-02 11:04:00,22677.65,sell,-0.1408686490431137,0.16486095588525987,down,1.0
2024-05-02 11:29:00,22682.25,buy,1.0946191629045643,-2.0766030004770695,up,-4.599999999998545
2024-05-02 11:46:00,22672.55,sell,-0.5161299761712144,2.1247883781838723,down,-9.700000000000728
2024-05-02 11:55:00,22683.35,buy,0.046838335241773166,0.004938194539107368,up,-10.799999999999272
2024-05-02 12:13:00,22686.15,sell,-0.00840715386584634,0.3961782843687833,down,2.8000000000029104
2024-05-02 12:19:00,22683.7,sell,-0.12580295088991988,0.21048649766742436,down,-2.4500000000007276
2024-05-02 12:29:00,22695.85,buy,0.28874238014395814,-0.40002202958440725,up,-12.149999999997817
2024-05-02 12:38:00,22681.3,sell,-0.2595221795818361,0.4136912912654099,down,-14.549999999999272
2024-05-02 12:57:00,22683.2,buy,0.0640980581556505,-0.7329734841001131,up,-1.9000000000014552
2024-05-02 13:18:00,22679.65,sell,-0.21428930431284243,0.292931379214784,down,-3.5499999999992724
2024-05-02 13:41:00,22692.95,sell,-0.098354692596331,0.44104575823625386,down,13.299999999999272
2024-05-02 13:50:00,22706.55,buy,0.7752327169873752,-0.11558532376509312,up,-13.599999999998545
2024-05-02 13:58:00,22691.65,sell,-0.273681059381488,0.406855326767581,down,-14.899999999997817
2024-05-02 14:10:00,22694.85,buy,0.12264777469317778,-0.8788750990102165,up,-3.1999999999970896
2024-05-02 14:45:00,22662.2,buy,0.017126790866313968,-0.9218322923872991,up,32.64999999999782
2024-05-02 15:04:00,22649.3,sell,-0.9228282756957924,0.7385396826198465,down,-12.900000000001455
2024-05-02 15:25:00,22652.45,buy,0.13473062833145377,-1.1158615790092532,up,-3.150000000001455
2024-05-03 09:40:00,22766.9,sell,-0.11343526973723783,2.943879928973078,down,114.45000000000073
2024-05-03 09:57:00,22759.0,sell,-0.5249577457434498,0.1574018400278343,down,-7.900000000001455
2024-05-03 12:05:00,22491.35,buy,0.5323500254089595,-1.1509813183062898,up,267.65000000000146
2024-05-03 12:11:00,22468.2,sell,-0.7390490388643229,0.18579936601771233,down,-23.149999999997817
2024-05-03 12:17:00,22488.85,buy,0.043348151393729495,-0.32986496785717323,up,-20.649999999997817
2024-05-03 12:51:00,22480.4,sell,-1.8956758885069576,2.062198125211493,down,-8.44999999999709
2024-05-03 13:27:00,22423.6,buy,0.07136007456938387,-1.0053985645175125,up,56.80000000000291
2024-05-03 13:34:00,22409.85,sell,-0.43738413450773805,0.5015973711906871,down,-13.75
2024-05-03 13:56:00,22395.25,buy,0.08654823142569512,-2.4923825975206833,up,14.599999999998545
2024-05-03 14:24:00,22393.3,sell,-0.38891037867506384,1.3440808770346326,down,-1.9500000000007276
2024-05-03 14:30:00,22417.5,buy,0.7380737045496062,-0.15647347266386216,up,-24.200000000000728
2024-05-03 15:26:00,22473.95,sell,-0.14387173343857285,1.7533926148154575,down,56.45000000000073
2024-05-06 09:15:00,22534.2,buy,1.5054486321678269,0.3527222362197255,up,-60.25
2024-05-06 09:38:00,22507.65,sell,-0.07580899919412332,5.074619535687714,down,-26.549999999999272
2024-05-06 10:14:00,22466.35,buy,0.10739648253002088,-1.779049578342022,up,41.30000000000291
2024-05-06 10:20:00,22459.25,buy,0.12103265687983367,-0.5540514796357251,up,7.099999999998545
2024-05-06 11:11:00,22502.15,sell,-0.6616233836612082,1.5373919737963841,down,42.900000000001455
2024-05-06 11:43:00,22492.9,buy,0.23191417076668586,-1.0129665323555133,up,9.25
2024-05-06 11:48:00,22477.45,sell,-0.024045155085332226,0.06163178291158277,down,-15.450000000000728
2024-05-06 11:49:00,22489.2,buy,0.2383559797599446,0.09697662228125514,up,-11.75
2024-05-06 12:21:00,22510.55,sell,-0.15564810270734597,0.8389345252833468,down,21.349999999998545
2024-05-06 13:06:00,22475.2,buy,0.2309274084691424,-0.47941311349334786,up,35.349999999998545
2024-05-06 13:37:00,22446.6,buy,0.5731225115596317,-1.118984166359831,up,28.600000000002183
2024-05-06 13:57:00,22452.9,sell,-0.11603488528271555,1.05017864920179,down,6.30000000000291
2024-05-06 14:19:00,22453.55,buy,0.24715114256105153,-0.5417015356167157,up,-0.6499999999978172
2024-05-06 14:27:00,22441.6,sell,-0.11533795224386267,0.556022387458963,down,-11.950000000000728
2024-05-06 14:44:00,22446.85,buy,0.6967307098129822,-1.1483436856520286,up,-5.25
2024-05-06 14:58:00,22440.1,sell,-0.7408015263281413,1.5810660193273587,down,-6.75
2024-05-06 15:26:00,22445.3,buy,0.16379706490624812,-0.3608337936766688,up,-5.200000000000728
2024-05-07 09:35:00,22457.2,sell,-0.7585919177763571,1.5144554837694826,down,11.900000000001455
2024-05-07 09:46:00,22472.15,buy,0.0059530653270485345,-0.6017790923012665,up,-14.950000000000728
2024-05-07 09:49:00,22436.75,sell,-1.098475304323074,-0.2684203692346831,down,-35.400000000001455
2024-05-07 10:59:00,22344.0,buy,0.9932949699286837,-1.8215764283829494,up,92.75
2024-05-07 11:07:00,22311.75,sell,-0.8189012863876997,0.016699130449571525,down,-32.25
2024-05-07 11:45:00,22277.3,buy,0.4018548438216385,-2.118433600250959,up,34.45000000000073
2024-05-07 12:00:00,22264.85,sell,-0.3391128420335008,1.3379800184613522,down,-12.450000000000728
2024-05-07 12:13:00,22286.0,buy,0.46394454806795693,-0.5683112816469957,up,-21.150000000001455
2024-05-07 12:33:00,22285.8,sell,-0.16768577675975394,1.0144117347191348,down,-0.2000000000007276
2024-05-07 13:19:00,22260.05,buy,0.3792875399303739,-0.8314392484632857,up,25.75
2024-05-07 13:53:00,22296.95,sell,-0.5445050952221209,2.2454075133412372,down,36.900000000001455
2024-05-07 14:12:00,22306.1,sell,-0.23719157073355746,0.9510411244789125,down,9.149999999997817
2024-05-07 14:15:00,22314.4,sell,-0.014912160033418331,0.45536840631899034,down,8.30000000000291
2024-05-07 14:37:00,22303.85,buy,0.8297689068458567,-2.1210042084652163,up,10.55000000000291
2024-05-07 14:55:00,22292.35,sell,-0.34964022541680606,1.1119967707035303,down,-11.5
2024-05-07 15:07:00,22296.9,sell,-0.47143953829072416,0.3021622754522755,down,4.55000000000291
2024-05-07 15:14:00,22308.7,buy,0.11150587495649233,-0.4310462454500691,up,-11.799999999999272
2024-05-07 15:29:00,22304.5,sell,-0.043604511964076664,0.25111493582479727,down,-4.200000000000728
2024-05-08 09:27:00,22266.1,buy,0.011890533209225396,-4.296410483707735,up,38.400000000001455
2024-05-08 09:35:00,22258.75,buy,0.04676214158098446,-1.7767174180499474,up,7.349999999998545
2024-05-08 09:38:00,22257.05,buy,0.3039813555042201,-0.8780562200323365,up,1.7000000000007276
2024-05-08 09:45:00,22260.25,buy,0.35284868888993515,-0.24605632924042298,up,-3.2000000000007276
2024-05-08 09:51:00,22249.45,sell,-0.018011053096415708,0.4859860776858882,down,-10.799999999999272
2024-05-08 10:02:00,22256.9,buy,0.5551944027138234,-0.7553257013606309,up,-7.450000000000728
2024-05-08 10:21:00,22229.65,sell,-1.9573537071992178,0.9755091354878891,down,-27.25
2024-05-08 10:56:00,22226.85,buy,1.0764075160223001,-0.5674913655064385,up,2.8000000000029104
2024-05-08 12:28:00,22319.35,sell,-0.44477711662329966,1.9324744231754842,down,92.5
2024-05-08 12:46:00,22331.05,buy,0.5253566694846086,-0.7860981617370011,up,-11.700000000000728
2024-05-08 13:03:00,22325.4,sell,-0.1603475620468089,1.280672183062896,down,-5.649999999997817
2024-05-08 13:08:00,22344.95,buy,0.22733384159801062,0.10999340494546775,up,-19.549999999999272
2024-05-08 13:34:00,22348.9,sell,-0.2736196173609642,0.9219608521417111,down,3.9500000000007276
2024-05-08 14:00:00,22308.9,buy,0.10597193949797656,-1.8822393379027298,up,40.0
2024-05-08 14:06:00,22295.3,sell,-0.48337507012547576,-0.08084156425333738,down,-13.600000000002183
2024-05-08 14:33:00,22276.3,buy,0.2652123200459755,-1.401838587032608,up,19.0
2024-05-08 14:43:00,22280.0,buy,0.3052164120017551,-0.4442573387386381,up,-3.7000000000007276
2024-05-08 15:19:00,22296.9,sell,-0.026002471953688655,0.5391988541302641,down,16.900000000001455
2024-05-09 09:15:00,22290.65,sell,-0.035264547434053384,1.024249228486687,down,-6.25
2024-05-09 09:55:00,22252.05,buy,0.07393700855027419,-1.568940049708848,up,38.60000000000218
2024-05-09 10:58:00,22153.6,buy,0.31841465273100766,-0.8588572156868411,up,98.45000000000073
2024-05-09 11:05:00,22134.25,sell,-0.4493119479084271,-0.030473356744263623,down,-19.349999999998545
2024-05-09 11:33:00,22147.2,buy,0.2619747130156611,-0.3283088048687143,up,-12.950000000000728
2024-05-09 12:05:00,22161.85,sell,-0.010077980619826121,0.36559985627216457,down,14.649999999997817
2024-05-09 12:13:00,22164.25,buy,0.0914194804172439,-0.19549482433180151,up,-2.400000000001455
2024-05-09 12:17:00,22158.05,sell,-0.047274140819354216,0.034647441967373585,down,-6.200000000000728
2024-05-09 12:18:00,22183.55,buy,1.2080792505839781,0.26933380369069454,up,-25.5
2024-05-09 12:27:00,22154.2,sell,-0.6598006555032043,0.9240919717784295,down,-29.349999999998545
2024-05-09 13:32:00,22048.3,buy,0.012052663027134258,-1.2958429213728426,up,105.90000000000146
2024-05-09 13:39:00,22054.25,buy,0.2857594044871803,-0.36412191593563775,up,-5.950000000000728
2024-05-09 13:55:00,22045.45,sell,-0.4097185043792706,1.1435719014613603,down,-8.799999999999272
2024-05-09 14:08:00,22060.3,buy,0.7949290139658842,-0.7732875073526968,up,-14.849999999998545
2024-05-09 14:19:00,22047.95,sell,-0.05406040472371387,0.6866055197853621,down,-12.349999999998545
2024-05-09 14:28:00,22042.85,sell,-0.7308401090085681,0.34809693912322387,down,-5.100000000002183
2024-05-09 14:54:00,22008.65,buy,0.04802862317956169,-2.4918706101205275,up,34.19999999999709
2024-05-09 15:28:00,21962.05,buy,0.0687179836386349,-2.1129421814968583,up,46.60000000000218
2024-05-09 09:47:00,22236.15,sell,-0.499792799451825,1.7112768341190707,down,274.1000000000022
2024-05-09 09:54:00,22250.85,buy,0.15337302384068607,-0.27418139347227943,up,-14.69999999999709
2024-05-09 10:58:00,22153.6,buy,0.318453080351901,-0.8587425454129349,up,97.25
2024-05-09 11:05:00,22134.25,sell,-0.4492988818747108,-0.030434295786200244,down,-19.349999999998545
2024-05-09 11:33:00,22147.2,buy,0.2619748875295045,-0.32830828168345383,up,-12.950000000000728
2024-05-09 12:05:00,22161.85,sell,-0.010077979364723433,0.36559986004509615,down,14.649999999997817
2024-05-09 12:13:00,22164.25,buy,0.09141948078467976,-0.19549482323245426,up,-2.400000000001455
2024-05-09 12:17:00,22158.05,sell,-0.04727414062654134,0.03464744255881397,down,-6.200000000000728
2024-05-09 12:18:00,22183.55,buy,1.2080792507476872,0.26933380419658864,up,-25.5
2024-05-09 12:27:00,22154.2,sell,-0.6598006554668245,0.9240919718990217,down,-29.349999999998545
2024-05-09 13:32:00,22048.3,buy,0.012052663027134258,-1.2958429213728422,up,105.90000000000146
2024-05-09 13:39:00,22054.25,buy,0.2857594044871803,-0.36412191593563775,up,-5.950000000000728
2024-05-09 13:55:00,22045.45,sell,-0.4097185043792706,1.1435719014613603,down,-8.799999999999272
2024-05-09 14:08:00,22060.3,buy,0.7949290139658842,-0.7732875073526968,up,-14.849999999998545
2024-05-09 14:19:00,22047.95,sell,-0.05406040472371387,0.6866055197853621,down,-12.349999999998545
2024-05-09 14:28:00,22042.85,sell,-0.7308401090085681,0.34809693912322387,down,-5.100000000002183
2024-05-09 14:54:00,22008.65,buy,0.04802862317956169,-2.4918706101205275,up,34.19999999999709
2024-05-09 15:28:00,21962.05,buy,0.0687179836386349,-2.1129421814968583,up,46.60000000000218
