date,trade_signal
2024-05-02 09:15:00,
2024-05-02 09:20:00,0.0
2024-05-02 09:25:00,0.0
2024-05-02 09:30:00,0.0
2024-05-02 09:35:00,0.0
2024-05-02 09:40:00,0.0
2024-05-02 09:45:00,0.0
2024-05-02 09:50:00,0.0
2024-05-02 09:55:00,0.0
2024-05-02 10:00:00,0.0
2024-05-02 10:05:00,0.0
2024-05-02 10:10:00,0.0
2024-05-02 10:15:00,0.0
2024-05-02 10:20:00,0.0
2024-05-02 10:25:00,0.0
2024-05-02 10:30:00,0.0
2024-05-02 10:35:00,0.0
2024-05-02 10:40:00,0.0
2024-05-02 10:45:00,0.0
2024-05-02 10:50:00,0.0
2024-05-02 10:55:00,0.0
2024-05-02 11:00:00,0.0
2024-05-02 11:05:00,0.0
2024-05-02 11:10:00,0.0
2024-05-02 11:15:00,0.0
2024-05-02 11:20:00,-1.0
2024-05-02 11:25:00,-1.0
2024-05-02 11:30:00,0.0
2024-05-02 11:35:00,0.0
2024-05-02 11:40:00,0.0
2024-05-02 11:45:00,0.0
2024-05-02 11:50:00,0.0
2024-05-02 11:55:00,0.0
2024-05-02 12:00:00,0.0
2024-05-02 12:05:00,0.0
2024-05-02 12:10:00,0.0
2024-05-02 12:15:00,0.0
2024-05-02 12:20:00,0.0
2024-05-02 12:25:00,0.0
2024-05-02 12:30:00,0.0
2024-05-02 12:35:00,0.0
2024-05-02 12:40:00,0.0
2024-05-02 12:45:00,0.0
2024-05-02 12:50:00,0.0
2024-05-02 12:55:00,0.0
2024-05-02 13:00:00,0.0
2024-05-02 13:05:00,0.0
2024-05-02 13:10:00,0.0
2024-05-02 13:15:00,0.0
2024-05-02 13:20:00,0.0
2024-05-02 13:25:00,0.0
2024-05-02 13:30:00,0.0
2024-05-02 13:35:00,0.0
2024-05-02 13:40:00,0.0
2024-05-02 13:45:00,0.0
2024-05-02 13:50:00,0.0
2024-05-02 13:55:00,0.0
2024-05-02 14:00:00,0.0
2024-05-02 14:05:00,0.0
2024-05-02 14:10:00,0.0
2024-05-02 14:15:00,0.0
2024-05-02 14:20:00,-1.0
2024-05-02 14:25:00,0.0
2024-05-02 14:30:00,-1.0
2024-05-02 14:35:00,0.0
2024-05-02 14:40:00,-1.0
2024-05-02 14:45:00,0.0
2024-05-02 14:50:00,0.0
2024-05-02 14:55:00,0.0
2024-05-02 15:00:00,0.0
2024-05-02 15:05:00,0.0
2024-05-02 15:10:00,0.0
2024-05-02 15:15:00,0.0
2024-05-02 15:20:00,0.0
2024-05-02 15:25:00,0.0
2024-05-03 09:15:00,0.0
2024-05-03 09:20:00,1.0
2024-05-03 09:25:00,1.0
2024-05-03 09:30:00,1.0
2024-05-03 09:35:00,1.0
2024-05-03 09:40:00,0.0
2024-05-03 09:45:00,0.0
2024-05-03 09:50:00,1.0
2024-05-03 09:55:00,0.0
2024-05-03 10:00:00,0.0
2024-05-03 10:05:00,0.0
2024-05-03 10:10:00,0.0
2024-05-03 10:15:00,0.0
2024-05-03 10:20:00,-1.0
2024-05-03 10:25:00,-1.0
2024-05-03 10:30:00,0.0
2024-05-03 10:35:00,0.0
2024-05-03 10:40:00,-1.0
2024-05-03 10:45:00,-1.0
2024-05-03 10:50:00,0.0
2024-05-03 10:55:00,0.0
2024-05-03 11:00:00,-1.0
2024-05-03 11:05:00,-1.0
2024-05-03 11:10:00,0.0
2024-05-03 11:15:00,0.0
2024-05-03 11:20:00,-1.0
2024-05-03 11:25:00,-1.0
2024-05-03 11:30:00,-1.0
2024-05-03 11:35:00,-1.0
2024-05-03 11:40:00,-1.0
2024-05-03 11:45:00,0.0
2024-05-03 11:50:00,-1.0
2024-05-03 11:55:00,-1.0
2024-05-03 12:00:00,0.0
2024-05-03 12:05:00,0.0
2024-05-03 12:10:00,0.0
2024-05-03 12:15:00,0.0
2024-05-03 12:20:00,0.0
2024-05-03 12:25:00,0.0
2024-05-03 12:30:00,0.0
2024-05-03 12:35:00,0.0
2024-05-03 12:40:00,0.0
2024-05-03 12:45:00,0.0
2024-05-03 12:50:00,0.0
2024-05-03 12:55:00,0.0
2024-05-03 13:00:00,0.0
2024-05-03 13:05:00,-1.0
2024-05-03 13:10:00,0.0
2024-05-03 13:15:00,0.0
2024-05-03 13:20:00,0.0
2024-05-03 13:25:00,0.0
2024-05-03 13:30:00,0.0
2024-05-03 13:35:00,0.0
2024-05-03 13:40:00,0.0
2024-05-03 13:45:00,0.0
2024-05-03 13:50:00,0.0
2024-05-03 13:55:00,0.0
2024-05-03 14:00:00,0.0
2024-05-03 14:05:00,0.0
2024-05-03 14:10:00,0.0
2024-05-03 14:15:00,0.0
2024-05-03 14:20:00,0.0
2024-05-03 14:25:00,0.0
2024-05-03 14:30:00,0.0
2024-05-03 14:35:00,0.0
2024-05-03 14:40:00,1.0
2024-05-03 14:45:00,1.0
2024-05-03 14:50:00,0.0
2024-05-03 14:55:00,0.0
2024-05-03 15:00:00,1.0
2024-05-03 15:05:00,1.0
2024-05-03 15:10:00,1.0
2024-05-03 15:15:00,1.0
2024-05-03 15:20:00,1.0
2024-05-03 15:25:00,0.0
2024-05-06 09:15:00,0.0
2024-05-06 09:20:00,1.0
2024-05-06 09:25:00,0.0
2024-05-06 09:30:00,1.0
2024-05-06 09:35:00,1.0
2024-05-06 09:40:00,0.0
2024-05-06 09:45:00,0.0
2024-05-06 09:50:00,0.0
2024-05-06 09:55:00,0.0
2024-05-06 10:00:00,0.0
2024-05-06 10:05:00,-1.0
2024-05-06 10:10:00,-1.0
2024-05-06 10:15:00,0.0
2024-05-06 10:20:00,0.0
2024-05-06 10:25:00,0.0
2024-05-06 10:30:00,0.0
2024-05-06 10:35:00,0.0
2024-05-06 10:40:00,0.0
2024-05-06 10:45:00,0.0
2024-05-06 10:50:00,0.0
2024-05-06 10:55:00,1.0
2024-05-06 11:00:00,1.0
2024-05-06 11:05:00,0.0
2024-05-06 11:10:00,0.0
2024-05-06 11:15:00,0.0
2024-05-06 11:20:00,0.0
2024-05-06 11:25:00,0.0
2024-05-06 11:30:00,-1.0
2024-05-06 11:35:00,0.0
2024-05-06 11:40:00,0.0
2024-05-06 11:45:00,0.0
2024-05-06 11:50:00,0.0
2024-05-06 11:55:00,0.0
2024-05-06 12:00:00,0.0
2024-05-06 12:05:00,0.0
2024-05-06 12:10:00,0.0
2024-05-06 12:15:00,0.0
2024-05-06 12:20:00,0.0
2024-05-06 12:25:00,0.0
2024-05-06 12:30:00,0.0
2024-05-06 12:35:00,0.0
2024-05-06 12:40:00,0.0
2024-05-06 12:45:00,0.0
2024-05-06 12:50:00,-1.0
2024-05-06 12:55:00,-1.0
2024-05-06 13:00:00,0.0
2024-05-06 13:05:00,0.0
2024-05-06 13:10:00,-1.0
2024-05-06 13:15:00,-1.0
2024-05-06 13:20:00,-1.0
2024-05-06 13:25:00,-1.0
2024-05-06 13:30:00,-1.0
2024-05-06 13:35:00,0.0
2024-05-06 13:40:00,0.0
2024-05-06 13:45:00,0.0
2024-05-06 13:50:00,0.0
2024-05-06 13:55:00,0.0
2024-05-06 14:00:00,0.0
2024-05-06 14:05:00,0.0
2024-05-06 14:10:00,0.0
2024-05-06 14:15:00,0.0
2024-05-06 14:20:00,0.0
2024-05-06 14:25:00,0.0
2024-05-06 14:30:00,0.0
2024-05-06 14:35:00,0.0
2024-05-06 14:40:00,0.0
2024-05-06 14:45:00,0.0
2024-05-06 14:50:00,0.0
2024-05-06 14:55:00,0.0
2024-05-06 15:00:00,0.0
2024-05-06 15:05:00,0.0
2024-05-06 15:10:00,0.0
2024-05-06 15:15:00,0.0
2024-05-06 15:20:00,0.0
2024-05-06 15:25:00,0.0
2024-05-07 09:15:00,0.0
2024-05-07 09:20:00,0.0
2024-05-07 09:25:00,0.0
2024-05-07 09:30:00,1.0
2024-05-07 09:35:00,0.0
2024-05-07 09:40:00,0.0
2024-05-07 09:45:00,0.0
2024-05-07 09:50:00,0.0
2024-05-07 09:55:00,-1.0
2024-05-07 10:00:00,-1.0
2024-05-07 10:05:00,-1.0
2024-05-07 10:10:00,-1.0
2024-05-07 10:15:00,0.0
2024-05-07 10:20:00,-1.0
2024-05-07 10:25:00,-1.0
2024-05-07 10:30:00,-1.0
2024-05-07 10:35:00,-1.0
2024-05-07 10:40:00,-1.0
2024-05-07 10:45:00,0.0
2024-05-07 10:50:00,-1.0
2024-05-07 10:55:00,-1.0
2024-05-07 11:00:00,0.0
2024-05-07 11:05:00,0.0
2024-05-07 11:10:00,0.0
2024-05-07 11:15:00,0.0
2024-05-07 11:20:00,0.0
2024-05-07 11:25:00,0.0
2024-05-07 11:30:00,0.0
2024-05-07 11:35:00,0.0
2024-05-07 11:40:00,0.0
2024-05-07 11:45:00,0.0
2024-05-07 11:50:00,0.0
2024-05-07 11:55:00,0.0
2024-05-07 12:00:00,0.0
2024-05-07 12:05:00,0.0
2024-05-07 12:10:00,0.0
2024-05-07 12:15:00,0.0
2024-05-07 12:20:00,0.0
2024-05-07 12:25:00,0.0
2024-05-07 12:30:00,0.0
2024-05-07 12:35:00,0.0
2024-05-07 12:40:00,0.0
2024-05-07 12:45:00,0.0
2024-05-07 12:50:00,0.0
2024-05-07 12:55:00,0.0
2024-05-07 13:00:00,0.0
2024-05-07 13:05:00,0.0
2024-05-07 13:10:00,0.0
2024-05-07 13:15:00,0.0
2024-05-07 13:20:00,0.0
2024-05-07 13:25:00,0.0
2024-05-07 13:30:00,0.0
2024-05-07 13:35:00,0.0
2024-05-07 13:40:00,1.0
2024-05-07 13:45:00,1.0
2024-05-07 13:50:00,1.0
2024-05-07 13:55:00,0.0
2024-05-07 14:00:00,1.0
2024-05-07 14:05:00,1.0
2024-05-07 14:10:00,1.0
2024-05-07 14:15:00,0.0
2024-05-07 14:20:00,0.0
2024-05-07 14:25:00,0.0
2024-05-07 14:30:00,0.0
2024-05-07 14:35:00,-1.0
2024-05-07 14:40:00,0.0
2024-05-07 14:45:00,0.0
2024-05-07 14:50:00,0.0
2024-05-07 14:55:00,0.0
2024-05-07 15:00:00,0.0
2024-05-07 15:05:00,0.0
2024-05-07 15:10:00,0.0
2024-05-07 15:15:00,0.0
2024-05-07 15:20:00,0.0
2024-05-07 15:25:00,0.0
2024-05-08 09:15:00,0.0
2024-05-08 09:20:00,-1.0
2024-05-08 09:25:00,0.0
2024-05-08 09:30:00,0.0
2024-05-08 09:35:00,-1.0
2024-05-08 09:40:00,0.0
2024-05-08 09:45:00,0.0
2024-05-08 09:50:00,0.0
2024-05-08 09:55:00,0.0
2024-05-08 10:00:00,0.0
2024-05-08 10:05:00,0.0
2024-05-08 10:10:00,0.0
2024-05-08 10:15:00,0.0
2024-05-08 10:20:00,0.0
2024-05-08 10:25:00,0.0
2024-05-08 10:30:00,0.0
2024-05-08 10:35:00,-1.0
2024-05-08 10:40:00,0.0
2024-05-08 10:45:00,-1.0
2024-05-08 10:50:00,0.0
2024-05-08 10:55:00,0.0
2024-05-08 11:00:00,0.0
2024-05-08 11:05:00,0.0
2024-05-08 11:10:00,0.0
2024-05-08 11:15:00,0.0
2024-05-08 11:20:00,1.0
2024-05-08 11:25:00,1.0
2024-05-08 11:30:00,0.0
2024-05-08 11:35:00,1.0
2024-05-08 11:40:00,1.0
2024-05-08 11:45:00,1.0
2024-05-08 11:50:00,1.0
2024-05-08 11:55:00,1.0
2024-05-08 12:00:00,0.0
2024-05-08 12:05:00,0.0
2024-05-08 12:10:00,1.0
2024-05-08 12:15:00,1.0
2024-05-08 12:20:00,1.0
2024-05-08 12:25:00,1.0
2024-05-08 12:30:00,0.0
2024-05-08 12:35:00,0.0
2024-05-08 12:40:00,0.0
2024-05-08 12:45:00,0.0
2024-05-08 12:50:00,0.0
2024-05-08 12:55:00,0.0
2024-05-08 13:00:00,0.0
2024-05-08 13:05:00,0.0
2024-05-08 13:10:00,0.0
2024-05-08 13:15:00,0.0
2024-05-08 13:20:00,0.0
2024-05-08 13:25:00,0.0
2024-05-08 13:30:00,0.0
2024-05-08 13:35:00,0.0
2024-05-08 13:40:00,0.0
2024-05-08 13:45:00,0.0
2024-05-08 13:50:00,-1.0
2024-05-08 13:55:00,-1.0
2024-05-08 14:00:00,0.0
2024-05-08 14:05:00,0.0
2024-05-08 14:10:00,-1.0
2024-05-08 14:15:00,-1.0
2024-05-08 14:20:00,-1.0
2024-05-08 14:25:00,-1.0
2024-05-08 14:30:00,0.0
2024-05-08 14:35:00,0.0
2024-05-08 14:40:00,-1.0
2024-05-08 14:45:00,0.0
2024-05-08 14:50:00,0.0
2024-05-08 14:55:00,0.0
2024-05-08 15:00:00,0.0
2024-05-08 15:05:00,0.0
2024-05-08 15:10:00,0.0
2024-05-08 15:15:00,1.0
2024-05-08 15:20:00,0.0
2024-05-08 15:25:00,1.0
2024-05-09 09:15:00,0.0
2024-05-09 09:20:00,0.0
2024-05-09 09:25:00,0.0
2024-05-09 09:30:00,-1.0
2024-05-09 09:35:00,0.0
2024-05-09 09:40:00,-1.0
2024-05-09 09:45:00,0.0
2024-05-09 09:50:00,-1.0
2024-05-09 09:55:00,0.0
2024-05-09 10:00:00,-1.0
2024-05-09 10:05:00,-1.0
2024-05-09 10:10:00,0.0
2024-05-09 10:15:00,-1.0
2024-05-09 10:20:00,-1.0
2024-05-09 10:25:00,-1.0
2024-05-09 10:30:00,-1.0
2024-05-09 10:35:00,0.0
2024-05-09 10:40:00,0.0
2024-05-09 10:45:00,-1.0
2024-05-09 10:50:00,-1.0
2024-05-09 10:55:00,0.0
2024-05-09 11:00:00,0.0
2024-05-09 11:05:00,0.0
2024-05-09 11:10:00,0.0
2024-05-09 11:15:00,0.0
2024-05-09 11:20:00,0.0
2024-05-09 11:25:00,0.0
2024-05-09 11:30:00,0.0
2024-05-09 11:35:00,0.0
2024-05-09 11:40:00,0.0
2024-05-09 11:45:00,0.0
2024-05-09 11:50:00,0.0
2024-05-09 11:55:00,0.0
2024-05-09 12:00:00,0.0
2024-05-09 12:05:00,0.0
2024-05-09 12:10:00,0.0
2024-05-09 12:15:00,1.0
2024-05-09 12:20:00,1.0
2024-05-09 12:25:00,0.0
2024-05-09 12:30:00,0.0
2024-05-09 12:35:00,0.0
2024-05-09 12:40:00,0.0
2024-05-09 12:45:00,0.0
2024-05-09 12:50:00,-1.0
2024-05-09 12:55:00,-1.0
2024-05-09 13:00:00,-1.0
2024-05-09 13:05:00,0.0
2024-05-09 13:10:00,0.0
2024-05-09 13:15:00,-1.0
2024-05-09 13:20:00,-1.0
2024-05-09 13:25:00,-1.0
2024-05-09 13:30:00,-1.0
2024-05-09 13:35:00,0.0
2024-05-09 13:40:00,0.0
2024-05-09 13:45:00,0.0
2024-05-09 13:50:00,0.0
2024-05-09 13:55:00,0.0
2024-05-09 14:00:00,0.0
2024-05-09 14:05:00,0.0
2024-05-09 14:10:00,0.0
2024-05-09 14:15:00,0.0
2024-05-09 14:20:00,0.0
2024-05-09 14:25:00,0.0
2024-05-09 14:30:00,0.0
2024-05-09 14:35:00,0.0
2024-05-09 14:40:00,0.0
2024-05-09 14:45:00,-1.0
2024-05-09 14:50:00,0.0
2024-05-09 14:55:00,0.0
2024-05-09 15:00:00,0.0
2024-05-09 15:05:00,-1.0
2024-05-09 15:10:00,-1.0
2024-05-09 15:15:00,-1.0
2024-05-09 15:20:00,-1.0
2024-05-09 15:25:00,0.0
2024-05-10 09:15:00,0.0
2024-05-10 09:20:00,0.0
2024-05-10 09:25:00,0.0
2024-05-10 09:30:00,0.0
2024-05-10 09:35:00,1.0
2024-05-10 09:40:00,0.0
2024-05-10 09:45:00,1.0
2024-05-10 09:50:00,1.0
2024-05-10 09:55:00,1.0
2024-05-10 10:00:00,1.0
2024-05-10 10:05:00,1.0
2024-05-10 10:10:00,1.0
2024-05-10 10:15:00,0.0
2024-05-10 10:20:00,1.0
2024-05-10 10:25:00,0.0
2024-05-10 10:30:00,0.0
2024-05-10 10:35:00,0.0
2024-05-10 10:40:00,0.0
2024-05-10 10:45:00,0.0
2024-05-10 10:50:00,0.0
2024-05-10 10:55:00,0.0
2024-05-10 11:00:00,-1.0
2024-05-10 11:05:00,0.0
2024-05-10 11:10:00,0.0
2024-05-10 11:15:00,0.0
2024-05-10 11:20:00,0.0
2024-05-10 11:25:00,0.0
2024-05-10 11:30:00,0.0
2024-05-10 11:35:00,0.0
2024-05-10 11:40:00,0.0
2024-05-10 11:45:00,0.0
2024-05-10 11:50:00,0.0
2024-05-10 11:55:00,-1.0
2024-05-10 12:00:00,-1.0
2024-05-10 12:05:00,0.0
2024-05-10 12:10:00,0.0
2024-05-10 12:15:00,0.0
2024-05-10 12:20:00,0.0
2024-05-10 12:25:00,0.0
2024-05-10 12:30:00,0.0
2024-05-10 12:35:00,0.0
2024-05-10 12:40:00,0.0
2024-05-10 12:45:00,0.0
2024-05-10 12:50:00,0.0
2024-05-10 12:55:00,0.0
2024-05-10 13:00:00,0.0
2024-05-10 13:05:00,0.0
2024-05-10 13:10:00,0.0
2024-05-10 13:15:00,0.0
2024-05-10 13:20:00,0.0
2024-05-10 13:25:00,0.0
2024-05-10 13:30:00,0.0
2024-05-10 13:35:00,0.0
2024-05-10 13:40:00,0.0
2024-05-10 13:45:00,1.0
2024-05-10 13:50:00,1.0
2024-05-10 13:55:00,1.0
2024-05-10 14:00:00,1.0
2024-05-10 14:05:00,0.0
2024-05-10 14:10:00,0.0
2024-05-10 14:15:00,0.0
2024-05-10 14:20:00,0.0
2024-05-10 14:25:00,0.0
2024-05-10 14:30:00,0.0
2024-05-10 14:35:00,0.0
2024-05-10 14:40:00,0.0
2024-05-10 14:45:00,0.0
2024-05-10 14:50:00,0.0
2024-05-10 14:55:00,0.0
2024-05-10 15:00:00,0.0
2024-05-10 15:05:00,0.0
2024-05-10 15:10:00,1.0
2024-05-10 15:15:00,0.0
2024-05-10 15:20:00,1.0
2024-05-10 15:25:00,0.0
2024-05-13 09:15:00,0.0
2024-05-13 09:20:00,-1.0
2024-05-13 09:25:00,-1.0
2024-05-13 09:30:00,0.0
2024-05-13 09:35:00,-1.0
2024-05-13 09:40:00,-1.0
2024-05-13 09:45:00,-1.0
2024-05-13 09:50:00,0.0
2024-05-13 09:55:00,0.0
2024-05-13 10:00:00,-1.0
2024-05-13 10:05:00,-1.0
2024-05-13 10:10:00,0.0
2024-05-13 10:15:00,0.0
2024-05-13 10:20:00,0.0
2024-05-13 10:25:00,0.0
2024-05-13 10:30:00,0.0
2024-05-13 10:35:00,0.0
2024-05-13 10:40:00,0.0
2024-05-13 10:45:00,0.0
2024-05-13 10:50:00,0.0
2024-05-13 10:55:00,0.0
2024-05-13 11:00:00,0.0
2024-05-13 11:05:00,0.0
2024-05-13 11:10:00,0.0
2024-05-13 11:15:00,0.0
2024-05-13 11:20:00,1.0
2024-05-13 11:25:00,0.0
2024-05-13 11:30:00,0.0
2024-05-13 11:35:00,1.0
2024-05-13 11:40:00,1.0
2024-05-13 11:45:00,0.0
2024-05-13 11:50:00,0.0
2024-05-13 11:55:00,1.0
2024-05-13 12:00:00,1.0
2024-05-13 12:05:00,1.0
2024-05-13 12:10:00,0.0
2024-05-13 12:15:00,0.0
2024-05-13 12:20:00,0.0
2024-05-13 12:25:00,0.0
2024-05-13 12:30:00,0.0
2024-05-13 12:35:00,0.0
2024-05-13 12:40:00,1.0
2024-05-13 12:45:00,0.0
2024-05-13 12:50:00,0.0
2024-05-13 12:55:00,0.0
2024-05-13 13:00:00,0.0
2024-05-13 13:05:00,0.0
2024-05-13 13:10:00,0.0
2024-05-13 13:15:00,0.0
2024-05-13 13:20:00,0.0
2024-05-13 13:25:00,0.0
2024-05-13 13:30:00,0.0
2024-05-13 13:35:00,-1.0
2024-05-13 13:40:00,0.0
2024-05-13 13:45:00,0.0
2024-05-13 13:50:00,0.0
2024-05-13 13:55:00,1.0
2024-05-13 14:00:00,1.0
2024-05-13 14:05:00,1.0
2024-05-13 14:10:00,0.0
2024-05-13 14:15:00,1.0
2024-05-13 14:20:00,1.0
2024-05-13 14:25:00,0.0
2024-05-13 14:30:00,0.0
2024-05-13 14:35:00,0.0
2024-05-13 14:40:00,0.0
2024-05-13 14:45:00,0.0
2024-05-13 14:50:00,0.0
2024-05-13 14:55:00,0.0
2024-05-13 15:00:00,0.0
2024-05-13 15:05:00,0.0
2024-05-13 15:10:00,0.0
2024-05-13 15:15:00,0.0
2024-05-13 15:20:00,0.0
2024-05-13 15:25:00,0.0
2024-05-14 09:15:00,0.0
2024-05-14 09:20:00,0.0
2024-05-14 09:25:00,0.0
2024-05-14 09:30:00,0.0
2024-05-14 09:35:00,0.0
2024-05-14 09:40:00,0.0
2024-05-14 09:45:00,0.0
2024-05-14 09:50:00,0.0
2024-05-14 09:55:00,0.0
2024-05-14 10:00:00,0.0
2024-05-14 10:05:00,0.0
2024-05-14 10:10:00,0.0
2024-05-14 10:15:00,-1.0
2024-05-14 10:20:00,0.0
2024-05-14 10:25:00,0.0
2024-05-14 10:30:00,0.0
2024-05-14 10:35:00,0.0
2024-05-14 10:40:00,0.0
2024-05-14 10:45:00,0.0
2024-05-14 10:50:00,0.0
2024-05-14 10:55:00,0.0
2024-05-14 11:00:00,0.0
2024-05-14 11:05:00,0.0
2024-05-14 11:10:00,0.0
2024-05-14 11:15:00,1.0
2024-05-14 11:20:00,1.0
2024-05-14 11:25:00,0.0
2024-05-14 11:30:00,0.0
2024-05-14 11:35:00,0.0
2024-05-14 11:40:00,0.0
2024-05-14 11:45:00,0.0
2024-05-14 11:50:00,0.0
2024-05-14 11:55:00,0.0
2024-05-14 12:00:00,0.0
2024-05-14 12:05:00,0.0
2024-05-14 12:10:00,0.0
2024-05-14 12:15:00,0.0
2024-05-14 12:20:00,0.0
2024-05-14 12:25:00,0.0
2024-05-14 12:30:00,0.0
2024-05-14 12:35:00,0.0
2024-05-14 12:40:00,0.0
2024-05-14 12:45:00,0.0
2024-05-14 12:50:00,0.0
2024-05-14 12:55:00,0.0
2024-05-14 13:00:00,0.0
2024-05-14 13:05:00,0.0
2024-05-14 13:10:00,0.0
2024-05-14 13:15:00,0.0
2024-05-14 13:20:00,0.0
2024-05-14 13:25:00,0.0
2024-05-14 13:30:00,0.0
2024-05-14 13:35:00,0.0
2024-05-14 13:40:00,0.0
2024-05-14 13:45:00,0.0
2024-05-14 13:50:00,0.0
2024-05-14 13:55:00,0.0
2024-05-14 14:00:00,0.0
2024-05-14 14:05:00,0.0
2024-05-14 14:10:00,0.0
2024-05-14 14:15:00,0.0
2024-05-14 14:20:00,0.0
2024-05-14 14:25:00,0.0
2024-05-14 14:30:00,0.0
2024-05-14 14:35:00,0.0
2024-05-14 14:40:00,0.0
2024-05-14 14:45:00,0.0
2024-05-14 14:50:00,0.0
2024-05-14 14:55:00,0.0
2024-05-14 15:00:00,0.0
2024-05-14 15:05:00,-1.0
2024-05-14 15:10:00,0.0
2024-05-14 15:15:00,0.0
2024-05-14 15:20:00,-1.0
2024-05-14 15:25:00,0.0
2024-05-15 09:15:00,0.0
2024-05-15 09:20:00,0.0
2024-05-15 09:25:00,0.0
2024-05-15 09:30:00,1.0
2024-05-15 09:35:00,0.0
2024-05-15 09:40:00,0.0
2024-05-15 09:45:00,1.0
2024-05-15 09:50:00,1.0
2024-05-15 09:55:00,0.0
2024-05-15 10:00:00,0.0
2024-05-15 10:05:00,0.0
2024-05-15 10:10:00,-1.0
2024-05-15 10:15:00,0.0
2024-05-15 10:20:00,-1.0
2024-05-15 10:25:00,0.0
2024-05-15 10:30:00,-1.0
2024-05-15 10:35:00,-1.0
2024-05-15 10:40:00,0.0
2024-05-15 10:45:00,-1.0
2024-05-15 10:50:00,0.0
2024-05-15 10:55:00,0.0
2024-05-15 11:00:00,0.0
2024-05-15 11:05:00,0.0
2024-05-15 11:10:00,0.0
2024-05-15 11:15:00,0.0
2024-05-15 11:20:00,1.0
2024-05-15 11:25:00,0.0
2024-05-15 11:30:00,0.0
2024-05-15 11:35:00,0.0
2024-05-15 11:40:00,0.0
2024-05-15 11:45:00,0.0
2024-05-15 11:50:00,0.0
2024-05-15 11:55:00,0.0
2024-05-15 12:00:00,0.0
2024-05-15 12:05:00,0.0
2024-05-15 12:10:00,0.0
2024-05-15 12:15:00,0.0
2024-05-15 12:20:00,0.0
2024-05-15 12:25:00,0.0
2024-05-15 12:30:00,0.0
2024-05-15 12:35:00,0.0
2024-05-15 12:40:00,0.0
2024-05-15 12:45:00,0.0
2024-05-15 12:50:00,0.0
2024-05-15 12:55:00,0.0
2024-05-15 13:00:00,0.0
2024-05-15 13:05:00,0.0
2024-05-15 13:10:00,0.0
2024-05-15 13:15:00,0.0
2024-05-15 13:20:00,0.0
2024-05-15 13:25:00,0.0
2024-05-15 13:30:00,0.0
2024-05-15 13:35:00,0.0
2024-05-15 13:40:00,0.0
2024-05-15 13:45:00,0.0
2024-05-15 13:50:00,0.0
2024-05-15 13:55:00,0.0
2024-05-15 14:00:00,0.0
2024-05-15 14:05:00,0.0
2024-05-15 14:10:00,0.0
2024-05-15 14:15:00,0.0
2024-05-15 14:20:00,0.0
2024-05-15 14:25:00,0.0
2024-05-15 14:30:00,0.0
2024-05-15 14:35:00,0.0
2024-05-15 14:40:00,0.0
2024-05-15 14:45:00,0.0
2024-05-15 14:50:00,0.0
2024-05-15 14:55:00,0.0
2024-05-15 15:00:00,1.0
2024-05-15 15:05:00,0.0
2024-05-15 15:10:00,0.0
2024-05-15 15:15:00,0.0
2024-05-15 15:20:00,0.0
2024-05-15 15:25:00,0.0
2024-05-16 09:15:00,0.0
2024-05-16 09:20:00,1.0
2024-05-16 09:25:00,1.0
2024-05-16 09:30:00,0.0
2024-05-16 09:35:00,0.0
2024-05-16 09:40:00,0.0
2024-05-16 09:45:00,0.0
2024-05-16 09:50:00,0.0
2024-05-16 09:55:00,0.0
2024-05-16 10:00:00,0.0
2024-05-16 10:05:00,0.0
2024-05-16 10:10:00,0.0
2024-05-16 10:15:00,0.0
2024-05-16 10:20:00,0.0
2024-05-16 10:25:00,-1.0
2024-05-16 10:30:00,0.0
2024-05-16 10:35:00,0.0
2024-05-16 10:40:00,0.0
2024-05-16 10:45:00,-1.0
2024-05-16 10:50:00,-1.0
2024-05-16 10:55:00,-1.0
2024-05-16 11:00:00,0.0
2024-05-16 11:05:00,0.0
2024-05-16 11:10:00,-1.0
2024-05-16 11:15:00,-1.0
2024-05-16 11:20:00,-1.0
2024-05-16 11:25:00,0.0
2024-05-16 11:30:00,0.0
2024-05-16 11:35:00,0.0
2024-05-16 11:40:00,0.0
2024-05-16 11:45:00,0.0
2024-05-16 11:50:00,0.0
2024-05-16 11:55:00,0.0
2024-05-16 12:00:00,0.0
2024-05-16 12:05:00,0.0
2024-05-16 12:10:00,1.0
2024-05-16 12:15:00,1.0
2024-05-16 12:20:00,1.0
2024-05-16 12:25:00,0.0
2024-05-16 12:30:00,0.0
2024-05-16 12:35:00,0.0
2024-05-16 12:40:00,0.0
2024-05-16 12:45:00,0.0
2024-05-16 12:50:00,-1.0
2024-05-16 12:55:00,-1.0
2024-05-16 13:00:00,-1.0
2024-05-16 13:05:00,-1.0
2024-05-16 13:10:00,-1.0
2024-05-16 13:15:00,0.0
2024-05-16 13:20:00,-1.0
2024-05-16 13:25:00,-1.0
2024-05-16 13:30:00,0.0
2024-05-16 13:35:00,-1.0
2024-05-16 13:40:00,-1.0
2024-05-16 13:45:00,0.0
2024-05-16 13:50:00,0.0
2024-05-16 13:55:00,0.0
2024-05-16 14:00:00,0.0
2024-05-16 14:05:00,0.0
2024-05-16 14:10:00,0.0
2024-05-16 14:15:00,0.0
2024-05-16 14:20:00,0.0
2024-05-16 14:25:00,0.0
2024-05-16 14:30:00,0.0
2024-05-16 14:35:00,1.0
2024-05-16 14:40:00,1.0
2024-05-16 14:45:00,1.0
2024-05-16 14:50:00,1.0
2024-05-16 14:55:00,1.0
2024-05-16 15:00:00,1.0
2024-05-16 15:05:00,1.0
2024-05-16 15:10:00,1.0
2024-05-16 15:15:00,0.0
2024-05-16 15:20:00,1.0
2024-05-16 15:25:00,0.0
2024-05-17 09:15:00,0.0
2024-05-17 09:20:00,0.0
2024-05-17 09:25:00,0.0
2024-05-17 09:30:00,0.0
2024-05-17 09:35:00,0.0
2024-05-17 09:40:00,0.0
2024-05-17 09:45:00,0.0
2024-05-17 09:50:00,0.0
2024-05-17 09:55:00,0.0
2024-05-17 10:00:00,0.0
2024-05-17 10:05:00,0.0
2024-05-17 10:10:00,0.0
2024-05-17 10:15:00,0.0
2024-05-17 10:20:00,0.0
2024-05-17 10:25:00,0.0
2024-05-17 10:30:00,0.0
2024-05-17 10:35:00,0.0
2024-05-17 10:40:00,0.0
2024-05-17 10:45:00,0.0
2024-05-17 10:50:00,0.0
2024-05-17 10:55:00,0.0
2024-05-17 11:00:00,0.0
2024-05-17 11:05:00,0.0
2024-05-17 11:10:00,0.0
2024-05-17 11:15:00,0.0
2024-05-17 11:20:00,0.0
2024-05-17 11:25:00,0.0
2024-05-17 11:30:00,0.0
2024-05-17 11:35:00,0.0
2024-05-17 11:40:00,0.0
2024-05-17 11:45:00,0.0
2024-05-17 11:50:00,0.0
2024-05-17 11:55:00,0.0
2024-05-17 12:00:00,0.0
2024-05-17 12:05:00,0.0
2024-05-17 12:10:00,0.0
2024-05-17 12:15:00,0.0
2024-05-17 12:20:00,0.0
2024-05-17 12:25:00,0.0
2024-05-17 12:30:00,0.0
2024-05-17 12:35:00,0.0
2024-05-17 12:40:00,0.0
2024-05-17 12:45:00,0.0
2024-05-17 12:50:00,0.0
2024-05-17 12:55:00,0.0
2024-05-17 13:00:00,0.0
2024-05-17 13:05:00,-1.0
2024-05-17 13:10:00,0.0
2024-05-17 13:15:00,0.0
2024-05-17 13:20:00,0.0
2024-05-17 13:25:00,0.0
2024-05-17 13:30:00,0.0
2024-05-17 13:35:00,0.0
2024-05-17 13:40:00,0.0
2024-05-17 13:45:00,0.0
2024-05-17 13:50:00,0.0
2024-05-17 13:55:00,0.0
2024-05-17 14:00:00,0.0
2024-05-17 14:05:00,0.0
2024-05-17 14:10:00,0.0
2024-05-17 14:15:00,0.0
2024-05-17 14:20:00,0.0
2024-05-17 14:25:00,0.0
2024-05-17 14:30:00,0.0
2024-05-17 14:35:00,0.0
2024-05-17 14:40:00,0.0
2024-05-17 14:45:00,0.0
2024-05-17 14:50:00,0.0
2024-05-17 14:55:00,0.0
2024-05-17 15:00:00,0.0
2024-05-17 15:05:00,0.0
2024-05-17 15:10:00,0.0
2024-05-17 15:15:00,0.0
2024-05-17 15:20:00,0.0
2024-05-17 15:25:00,0.0
2024-05-18 09:15:00,0.0
2024-05-18 09:20:00,0.0
2024-05-18 09:25:00,0.0
2024-05-18 09:30:00,1.0
2024-05-18 09:35:00,1.0
2024-05-18 09:40:00,0.0
2024-05-18 09:45:00,0.0
2024-05-18 09:50:00,0.0
2024-05-18 09:55:00,0.0
2024-05-18 11:30:00,0.0
2024-05-18 11:35:00,0.0
2024-05-18 11:40:00,0.0
2024-05-18 11:45:00,0.0
2024-05-18 11:50:00,0.0
2024-05-18 11:55:00,0.0
2024-05-18 12:00:00,0.0
2024-05-18 12:05:00,0.0
2024-05-18 12:10:00,0.0
2024-05-18 12:15:00,0.0
2024-05-18 12:20:00,0.0
2024-05-18 12:25:00,0.0
2024-05-21 09:15:00,0.0
2024-05-21 09:20:00,0.0
2024-05-21 09:25:00,0.0
2024-05-21 09:30:00,0.0
2024-05-21 09:35:00,0.0
2024-05-21 09:40:00,0.0
2024-05-21 09:45:00,0.0
2024-05-21 09:50:00,0.0
2024-05-21 09:55:00,0.0
2024-05-21 10:00:00,0.0
2024-05-21 10:05:00,0.0
2024-05-21 10:10:00,0.0
2024-05-21 10:15:00,0.0
2024-05-21 10:20:00,0.0
